LOT번호,품목코드,입고일,소비기한,입고수량,잔여수량,검사상태,공급업체
20260519-R001-001,R001,2026-05-19,2027-08-31,100,69.93460000000007,합격,브이비푸드
20260424-R001-001,R001,2026-04-24,2027-08-24,100,0,합격,브이비푸드
20260403-R001-001,R001,2026-04-03,2027-08-24,40,0,합격,브이비푸드
20260204-R001-001,R001,2026-02-04,2027-05-14,60,0,합격,브이피푸드
20260204-R001-002,R001,2026-02-04,2027-05-14,140.98,0,합격,브이피푸드
20260519-R002-001,R002,2026-05-19,2028-01-12,100,100,합격,브이비푸드
20260424-R002-001,R002,2026-04-24,2028-01-11,100,47.01470000000003,합격,브이비푸드
20260403-R002-001,R002,2026-04-03,2028-01-11,100,0,합격,브이비푸드
20260303-R002-001,R002,2026-03-03,2027-11-13,80,0,합격,브이피푸드
20260204-R002-001,R002,2026-02-04,2027-11-06,60,0,합격,브이피푸드
20260204-R002-002,R002,2026-02-04,2027-11-06,60,0,합격,브이피푸드
20260521-R003-001,R003,2026-05-21,2027-12-04,20,20,합격,브이비푸드
20251014-R003-001,R003,2025-10-14,2027-05-01,20,10,합격,브이피푸드
20260526-R004-001,R004,2026-05-26,2027-01-06,12,12,합격,웰푸드
20260519-R004-001,R004,2026-05-19,2026-12-25,12,12,합격,웰푸드
20260512-R004-001,R004,2026-05-12,2026-12-25,12,12,합격,웰푸드
20260505-R004-001,R004,2026-05-05,2026-11-21,12,12,합격,웰푸드
20260428-R004-001,R004,2026-04-28,2026-11-21,12,12,합격,웰푸드
20260421-R004-001,R004,2026-04-21,2026-11-18,24,24,합격,웰푸드
20260324-R004-001,R004,2026-03-24,2026-11-21,24,24,합격,웰푸드
20260317-R004-001,R004,2026-03-17,2026-10-21,24,24,합격,웰푸드
20260310-R004-001,R004,2026-03-10,2026-09-04,12,12,합격,웰푸드
20260203-R004-001,R004,2026-02-03,2026-09-04,12,0,합격,웰푸드
20260203-R004-002,R004,2026-02-03,2026-09-04,60,9.699,합격,웰푸드
20260522-R005-001,R005,2026-05-22,2027-04-20,1000,1000,합격,티피에프앤비
20260211-R005-001,R005,2026-02-11,2026-12-15,20000,0,합격,티피에프앤비
20260211-R005-002,R005,2026-02-11,2026-12-15,21100,315.3100000000001,합격,티피에프앤비
20260416-R006-001,R006,2026-04-16,2027-05-11,2,2,합격,열매마을
20251111-R006-001,R006,2025-11-11,2026-12-26,2,1,합격,웰푸드
20260527-R007-001,R007,2026-05-27,2027-07-25,20,20,합격,열매마을
20260521-R007-001,R007,2026-05-21,2027-10-09,30,30,합격,열매마을
20260519-R007-001,R007,2026-05-19,2027-07-25,20,20,합격,열매마을
20260512-R007-001,R007,2026-05-12,2028-01-16,8,8,합격,웰푸드
20260506-R007-001,R007,2026-05-06,2027-10-09,30,30,합격,열매마을
20260505-R007-001,R007,2026-05-05,2028-01-16,8,8,합격,웰푸드
20260413-R007-001,R007,2026-04-13,2027-10-09,30,30,합격,열매마을
20260312-R007-001,R007,2026-03-12,2027-10-09,60,60,합격,열매마을
20260209-R007-001,R007,2026-02-09,2028-02-09,6,0,합격,열매마을
20260127-R007-001,R007,2026-01-27,2027-01-27,56,10,합격,열매마을
20260507-R008-001,R008,2026-05-07,2027-07-18,40,40,합격,베이크어바웃
20260212-R008-001,R008,2026-02-12,2027-08-27,50,50,합격,베이크어바웃
20260102-R008-001,R008,2026-01-02,2027-05-08,60,57.564,합격,캐니스
20260413-R009-001,R009,2026-04-13,2026-08-20,22.68,22.68,합격,베이크어바웃
20260313-R009-001,R009,2026-03-13,2026-08-20,11.34,11.34,합격,베이크어바웃
20251030-R009-001,R009,2025-10-30,2026-05-29,11.34,0,합격,베이크어바웃
20260203-R010-001,R010,2026-02-03,2028-02-03,20,0,합격,웰푸드
20260203-R010-002,R010,2026-02-03,2027-07-14,25,24.377049999999997,합격,웰푸드
20260203-R011-001,R011,2026-02-03,2028-02-03,20,0,합격,웰푸드
20260203-R011-002,R011,2026-02-03,2027-07-14,25,24.377049999999997,합격,웰푸드
20260527-R012-001,R012,2026-05-27,2028-03-21,170.1,170.1,합격,열매마을
20260526-R012-001,R012,2026-05-26,2027-07-09,12.5,12.5,합격,웰푸드
20260519-R012-001,R012,2026-05-19,2027-07-09,12.5,12.5,합격,웰푸드
20260512-R012-001,R012,2026-05-12,2027-07-09,12.5,12.5,합격,웰푸드
20260506-R012-001,R012,2026-05-06,2027-12-18,250,250,합격,열매마을
20260505-R012-001,R012,2026-05-05,2027-07-09,12.5,12.5,합격,웰푸드
20260428-R012-001,R012,2026-04-28,2027-07-09,12.5,12.5,합격,웰푸드
20260427-R012-001,R012,2026-04-27,2027-12-18,125,125,합격,열매마을
20260421-R012-001,R012,2026-04-21,2027-07-09,12.5,12.5,합격,웰푸드
20260414-R012-001,R012,2026-04-14,2027-07-09,12.5,12.5,합격,웰푸드
20260413-R012-001,R012,2026-04-13,2027-12-18,125,125,합격,열매마을
20260407-R012-001,R012,2026-04-07,2027-11-13,62.5,62.5,합격,열매마을
20260407-R012-002,R012,2026-04-07,2027-07-09,12.5,12.5,합격,웰푸드
20260401-R012-001,R012,2026-04-01,2027-11-13,62.5,62.5,합격,열매마을
20260331-R012-001,R012,2026-03-31,2027-07-09,12.5,12.5,합격,웰푸드
20260324-R012-001,R012,2026-03-24,2027-07-09,25,25,합격,웰푸드
20260323-R012-001,R012,2026-03-23,2027-11-13,187.5,187.5,합격,열매마을
20260317-R012-001,R012,2026-03-17,2027-07-09,25,25,합격,웰푸드
20260312-R012-001,R012,2026-03-12,2027-11-13,62.5,62.5,합격,열매마을
20260310-R012-001,R012,2026-03-10,2027-07-09,12.5,12.5,합격,웰푸드
20260304-R012-001,R012,2026-03-04,2027-11-02,250,250,합격,열매마을
20260303-R012-001,R012,2026-03-03,2027-07-09,12.5,12.5,합격,웰푸드
20260224-R012-001,R012,2026-02-24,2027-07-09,12.5,25,합격,웰푸드
20260210-R012-001,R012,2026-02-10,2027-07-10,12.5,-12.5,합격,웰푸드
20260210-R012-002,R012,2026-02-10,2027-07-10,12.5,0,합격,웰푸드
20260209-R012-001,R012,2026-02-09,2028-02-09,250,-200,합격,열매마을
20260209-R012-002,R012,2026-02-09,2027-11-02,250,0,합격,열매마을
20260203-R012-001,R012,2026-02-03,2028-02-03,12.5,-12.5,합격,웰푸드
20260203-R012-002,R012,2026-02-03,2027-07-09,12.5,0,합격,웰푸드
20260203-R012-003,R012,2026-02-03,2027-07-09,325,134.55500000000006,합격,웰푸드
20260527-R013-001,R013,2026-05-27,2027-08-08,30,30,합격,열매마을
20260526-R013-001,R013,2026-05-26,2027-07-27,10,10,합격,웰푸드
20260519-R013-001,R013,2026-05-19,2027-07-06,10,10,합격,웰푸드
20260506-R013-001,R013,2026-05-06,2027-05-25,40,40,합격,열매마을
20260505-R013-001,R013,2026-05-05,2027-07-06,10,10,합격,웰푸드
20260428-R013-001,R013,2026-04-28,2027-07-06,10,10,합격,웰푸드
20260427-R013-001,R013,2026-04-27,2028-02-11,30,30,합격,열매마을
20260421-R013-001,R013,2026-04-21,2027-07-06,10,10,합격,웰푸드
20260414-R013-001,R013,2026-04-14,2027-07-06,20,20,합격,웰푸드
20260413-R013-001,R013,2026-04-13,2027-05-24,20,20,합격,열매마을
20260407-R013-001,R013,2026-04-07,2027-12-03,60,60,합격,열매마을
20260401-R013-001,R013,2026-04-01,2027-12-03,30,30,합격,열매마을
20260331-R013-001,R013,2026-03-31,2027-07-06,10,10,합격,웰푸드
20260323-R013-001,R013,2026-03-23,2027-12-03,30,30,합격,열매마을
20260304-R013-001,R013,2026-03-04,2027-12-01,100,0,합격,열매마을
20260209-R013-001,R013,2026-02-09,2028-02-09,100,0,합격,열매마을
20260209-R013-002,R013,2026-02-09,2027-12-01,90,0,합격,열매마을
20260113-R013-001,R013,2026-01-13,2028-01-13,90,0,합격,열매마을
20260526-R014-001,R014,2026-05-26,2027-04-08,10,10,합격,웰푸드
20260512-R014-001,R014,2026-05-12,2027-03-10,20,20,합격,웰푸드
20260428-R014-001,R014,2026-04-28,2027-03-10,10,10,합격,웰푸드
20260421-R014-001,R014,2026-04-21,2027-03-10,20,20,합격,웰푸드
20260324-R014-001,R014,2026-03-24,2027-01-14,10,10,합격,웰푸드
20260317-R014-001,R014,2026-03-17,2027-01-14,10,10,합격,웰푸드
20260310-R014-001,R014,2026-03-10,2027-01-14,10,0,합격,웰푸드
20260120-R014-001,R014,2026-01-20,2026-12-11,40,0,합격,웰푸드
20260508-R015-001,R015,2026-05-08,2029-01-29,396,396,합격,동서
20260304-R015-001,R015,2026-03-04,2028-11-14,1080,143.43560000000002,합격,동서
20260210-R015-001,R015,2026-02-10,2028-07-09,270,0,합격,동서
20260210-R015-002,R015,2026-02-10,2028-07-09,326,0,합격,동서
20260529-R016-001,R016,2026-05-29,2026-06-11,210,210,합격,풍림푸드
20260527-R016-001,R016,2026-05-27,2026-06-09,200,200,합격,풍림푸드
20260526-R016-001,R016,2026-05-26,2026-06-08,50,50,합격,풍림푸드
20260522-R016-001,R016,2026-05-22,2026-06-05,50,50,합격,풍림푸드
20260519-R016-001,R016,2026-05-19,2026-06-01,50,50,합격,풍림푸드
20260518-R016-001,R016,2026-05-18,2026-05-29,50,50,합격,풍림푸드
20260515-R016-001,R016,2026-05-15,2026-05-28,120,120,합격,풍림푸드
20260513-R016-001,R016,2026-05-13,2026-05-26,110,110,합격,풍림푸드
20260512-R016-001,R016,2026-05-12,2026-05-25,50,50,합격,풍림푸드
20260508-R016-001,R016,2026-05-08,2026-05-21,60,60,합격,풍림푸드
20260501-R016-001,R016,2026-05-01,2026-05-14,50,50,합격,풍림푸드
20260428-R016-001,R016,2026-04-28,2026-05-11,50,50,합격,풍림푸드
20260424-R016-001,R016,2026-04-24,2026-05-07,50,50,합격,풍림푸드
20260421-R016-001,R016,2026-04-21,2026-05-04,50,50,합격,풍림푸드
20260417-R016-002,R016,2026-04-17,2026-04-30,50,50,합격,풍림푸드
20260410-R016-001,R016,2026-04-10,2026-04-22,50,50,합격,풍림푸드
20260407-R016-001,R016,2026-04-07,2026-04-19,50,50,합격,풍림푸드
20260407-R016-002,R016,2026-04-07,2027-10-16,50,50,합격,풍림푸드
20260403-R016-001,R016,2026-04-03,2026-04-15,50,50,합격,풍림푸드
20260331-R016-001,R016,2026-03-31,2026-04-12,50,50,합격,풍림푸드
20260327-R016-001,R016,2026-03-27,2026-04-08,50,50,합격,풍림푸드
20260324-R016-001,R016,2026-03-24,2026-04-05,50,50,합격,풍림푸드
20260320-R016-001,R016,2026-03-20,2026-04-01,50,50,합격,풍림푸드
20260317-R016-001,R016,2026-03-17,2026-03-30,50,50,합격,풍림푸드
20260313-R016-001,R016,2026-03-13,2026-03-26,50,50,합격,풍림푸드
20260310-R016-001,R016,2026-03-10,2026-03-23,50,50,합격,풍림푸드
20260306-R016-001,R016,2026-03-06,2026-03-19,50,20,합격,풍림푸드
20260303-R016-001,R016,2026-03-03,2026-03-16,50,0,합격,풍림푸드
20260227-R016-001,R016,2026-02-27,2026-03-12,50,0,합격,풍림푸드
20260224-R016-001,R016,2026-02-24,2026-03-09,50,0,합격,풍림푸드
20260220-R016-001,R016,2026-02-20,2026-03-06,70,0,합격,풍림푸드
20260213-R016-001,R016,2026-02-13,2026-02-27,30,0,합격,풍림푸드
20260213-R016-002,R016,2026-02-13,2026-02-27,90,0,합격,풍림푸드
20260210-R016-001,R016,2026-02-10,2026-02-24,30,0,합격,풍림푸드
20260206-R016-001,R016,2026-02-06,2026-02-20,100,0,합격,풍림푸드
20260203-R016-001,R016,2026-02-03,2026-02-17,30,0,합격,풍림푸드
20260529-R017-001,R017,2026-05-29,2026-06-04,40,40,합격,풍림푸드
20260526-R017-001,R017,2026-05-26,2026-06-01,30,30,합격,풍림푸드
20260522-R017-001,R017,2026-05-22,2026-05-28,30,30,합격,풍림푸드
20260519-R017-001,R017,2026-05-19,2026-05-25,30,30,합격,풍림푸드
20260518-R017-001,R017,2026-05-18,2026-05-22,20,20,합격,풍림푸드
20260515-R017-001,R017,2026-05-15,2026-05-21,70,70,합격,풍림푸드
20260513-R017-001,R017,2026-05-13,2026-05-19,50,50,합격,풍림푸드
20260512-R017-001,R017,2026-05-12,2026-05-18,30,30,합격,풍림푸드
20260508-R017-001,R017,2026-05-08,2026-05-14,60,60,합격,풍림푸드
20260501-R017-001,R017,2026-05-01,2026-05-07,30,30,합격,풍림푸드
20260428-R017-001,R017,2026-04-28,2026-05-04,30,30,합격,풍림푸드
20260424-R017-001,R017,2026-04-24,2026-04-30,30,30,합격,풍림푸드
20260421-R017-001,R017,2026-04-21,2026-04-27,30,30,합격,풍림푸드
20260417-R017-001,R017,2026-04-17,2026-04-23,30,30,합격,풍림푸드
20260410-R017-001,R017,2026-04-10,2026-04-15,30,30,합격,풍림푸드
20260407-R017-001,R017,2026-04-07,2026-04-12,30,30,합격,풍림푸드
20260403-R017-001,R017,2026-04-03,2026-04-08,30,30,합격,풍림푸드
20260331-R017-001,R017,2026-03-31,2026-04-05,30,30,합격,풍림푸드
20260327-R017-001,R017,2026-03-27,2026-04-01,30,30,합격,풍림푸드
20260324-R017-001,R017,2026-03-24,2026-03-29,30,30,합격,풍림푸드
20260320-R017-001,R017,2026-03-20,2026-03-26,30,30,합격,풍림푸드
20260317-R017-001,R017,2026-03-17,2026-03-23,30,30,합격,풍림푸드
20260313-R017-001,R017,2026-03-13,2026-03-19,30,30,합격,풍림푸드
20260309-R017-001,R017,2026-03-09,2026-03-16,30,30,합격,풍림푸드
20260306-R017-001,R017,2026-03-06,2026-03-12,30,8.756,합격,풍림푸드
20260303-R017-001,R017,2026-03-03,2026-03-09,30,0,합격,풍림푸드
20260227-R017-001,R017,2026-02-27,2026-03-05,30,0,합격,풍림푸드
20260223-R017-001,R017,2026-02-23,2026-03-02,30,0,합격,풍림푸드
20260220-R017-001,R017,2026-02-20,2026-02-27,40,0,합격,풍림푸드
20260213-R017-001,R017,2026-02-13,2026-02-20,20,0,합격,풍림푸드
20260213-R017-002,R017,2026-02-13,2026-02-20,60,0,합격,풍림푸드
20260210-R017-001,R017,2026-02-10,2026-02-17,20,0,합격,풍림푸드
20260206-R017-001,R017,2026-02-06,2026-02-13,50,0,합격,풍림푸드
20260203-R017-002,R017,2026-02-03,2026-02-10,20,0,합격,풍림푸드
20250409-R018-001,R018,2025-04-09,2026-07-16,5,4.94,합격,CJ
20260507-R019-001,R019,2026-05-07,2027-10-13,3,3,합격,플러스오케이
20260203-R019-002,R019,2026-02-03,2027-10-13,5,4.8932,합격,플러스오케이
20260507-R020-001,R020,2026-05-07,2027-07-26,125,125,합격,제원인터내쇼날
20260427-R020-001,R020,2026-04-27,2027-01-09,50,50,합격,베이크어바웃
20260417-R020-001,R020,2026-04-17,2027-01-09,25,25,합격,베이크어바웃
20260312-R020-001,R020,2026-03-12,2027-09-01,25,22.769,합격,베이크어바웃
20260210-R020-001,R020,2026-02-10,2026-10-22,10,0,합격,제원인터내쇼날
20260210-R021-001,R021,2026-02-10,2027-04-11,40,39.82078699669966,합격,제원인터내쇼날
20260523-R022-001,R022,2026-05-23,2027-05-22,40,40,합격,CJ
20260513-R022-001,R022,2026-05-13,2027-05-13,20,20,합격,CJ
20260411-R022-001,R022,2026-04-11,2026-06-13,20,20,합격,CJ
20260221-R022-001,R022,2026-02-21,2027-02-21,40,30,합격,CJ
20260201-R022-001,R022,2026-02-01,2026-08-01,40,0,합격,CJ
20260513-R023-001,R023,2026-05-13,2026-05-25,6,6,합격,CJ
20260408-R023-001,R023,2026-04-08,2026-04-18,3,3,합격,CJ
20260221-R023-001,R023,2026-02-21,2026-02-27,6,0,합격,CJ
20260201-R023-001,R023,2026-02-01,2026-02-12,3,0,합격,CJ
20260519-R024-001,R024,2026-05-19,2026-11-18,456,456,합격,삼육식품
20260320-R024-001,R024,2026-03-20,2026-09-22,456,249.2767999999998,합격,삼육식품
20260202-R024-001,R024,2026-02-02,2026-08-04,547.2,0,합격,삼육식품
20260529-R025-001,R025,2026-05-29,2028-11-10,100,100,합격,유니크
20260203-R025-001,R025,2026-02-03,2028-08-26,125,0,합격,유니크
20260203-R025-002,R025,2026-02-03,2028-08-26,225,98.45599999999999,합격,유니크
20260519-R026-001,R026,2026-05-19,2028-01-07,6,6,합격,플러스오케이
20260331-R026-001,R026,2026-03-31,2027-06-17,3,3,합격,플러스오케이
20260324-R026-001,R026,2026-03-24,2026-08-22,3,3,합격,플러스오케이
20260220-R026-001,R026,2026-02-20,2026-08-22,2,0,합격,플러스오케이
20251224-R026-001,R026,2025-12-24,2026-08-22,1,0,합격,플러스오케이
20260512-R027-001,R027,2026-05-12,2031-05-12,6,6,합격,웰푸드
20251216-R027-001,R027,2025-12-16,2027-12-15,12,12,합격,웰푸드
20250506-R028-001,R028,2025-05-06,2027-03-13,12.5,12.5,합격,웰푸드
20260113-R030-001,R030,2026-01-13,2026-06-14,72,59.706,합격,제원인터내쇼날
20251216-R031-001,R031,2025-12-16,2029-02-01,2,1.9810000000000005,합격,플러스오케이
20260519-R032-001,R032,2026-05-19,2026-10-26,5,5,합격,조흥
20260512-R032-001,R032,2026-05-12,2026-10-26,10,10,합격,조흥
20260504-R032-001,R032,2026-05-04,2026-10-07,20,20,합격,조흥
20260428-R032-001,R032,2026-04-28,2026-09-11,20,20,합격,조흥
20260421-R032-001,R032,2026-04-21,2026-09-11,5,5,합격,조흥
20260416-R032-001,R032,2026-04-16,2026-09-11,15,15,합격,조흥
20260414-R032-001,R032,2026-04-14,2026-09-11,25,25,합격,조흥
20260407-R032-001,R032,2026-04-07,2026-09-11,25,25,합격,조흥
20260403-R032-001,R032,2026-04-03,2026-09-11,10,10,합격,조흥
20260327-R032-001,R032,2026-03-27,2026-08-22,25,25,합격,조흥
20260317-R032-001,R032,2026-03-17,2026-08-22,5,5,합격,조흥
20260313-R032-001,R032,2026-03-13,2026-08-22,25,24.179000000000006,합격,조흥
20260305-R032-001,R032,2026-03-05,2026-08-22,10,0,합격,조흥
20260227-R032-001,R032,2026-02-27,2026-07-15,10,0,합격,조흥
20260220-R032-001,R032,2026-02-20,2026-07-15,25,0,합격,조흥
20260210-R032-001,R032,2026-02-10,2026-07-15,25,0,합격,조흥
20260210-R032-002,R032,2026-02-10,2026-07-15,34,0,합격,조흥
20260204-R032-001,R032,2026-02-04,2026-06-09,5,0,합격,조흥
20260519-R034-001,R034,2026-05-19,2026-09-16,16,16,합격,플러스오케이
20260511-R034-001,R034,2026-05-11,2026-09-01,22.4,22.4,합격,플러스오케이
20260504-R034-001,R034,2026-05-04,2026-09-06,22.4,22.4,합격,플러스오케이
20260127-R034-001,R034,2026-01-27,2026-06-06,6.4,0.7,합격,웰푸드
20260515-R035-001,R035,2026-05-15,2027-01-16,22.68,22.68,합격,열매마을
20260304-R035-001,R035,2026-03-04,2027-01-09,45.36,45.36,합격,열매마을
20251202-R035-001,R035,2025-12-02,2026-12-16,34.02,23.64,합격,열매마을
20260523-R037-001,R037,2026-05-23,2026-08-18,40,40,합격,조흥
20260519-R037-001,R037,2026-05-19,2026-08-11,20,20,합격,조흥
20260512-R037-001,R037,2026-05-12,2026-08-03,20,20,합격,조흥
20260507-R037-001,R037,2026-05-07,2026-07-28,20,20,합격,조흥
20260504-R037-001,R037,2026-05-04,2026-07-23,10,10,합격,조흥
20260416-R037-001,R037,2026-04-16,2026-07-06,10,10,합격,조흥
20260414-R037-001,R037,2026-04-14,2026-06-30,10,10,합격,조흥
20260407-R037-001,R037,2026-04-07,2026-06-23,10,10,합격,조흥
20260327-R037-001,R037,2026-03-27,2026-06-16,20,20,합격,조흥
20260318-R037-001,R037,2026-03-18,2026-06-02,20,20,합격,조흥
20260313-R037-001,R037,2026-03-13,2026-06-02,4,4,합격,조흥
20260312-R037-001,R037,2026-03-12,2026-06-02,30,30,합격,조흥
20260305-R037-001,R037,2026-03-05,2026-05-22,10,9.841000000000001,합격,조흥
20260227-R037-001,R037,2026-02-27,2026-05-09,10,0,합격,조흥
20260112-R037-001,R037,2026-01-12,2026-03-29,35,0,합격,조흥
20260526-R038-001,R038,2026-05-26,2027-04-15,75,75,합격,웰푸드
20260512-R038-001,R038,2026-05-12,2027-04-15,75,75,합격,웰푸드
20260505-R038-001,R038,2026-05-05,2027-04-02,60,60,합격,웰푸드
20260428-R038-001,R038,2026-04-28,2027-04-02,30,30,합격,웰푸드
20260421-R038-001,R038,2026-04-21,2027-04-01,75,15,합격,웰푸드
20260414-R038-001,R038,2026-04-14,2027-03-30,75,0,합격,웰푸드
20260331-R038-001,R038,2026-03-31,2027-02-09,15,0,합격,웰푸드
20260324-R038-001,R038,2026-03-24,2027-02-10,75,0,합격,웰푸드
20260317-R038-001,R038,2026-03-17,2027-02-08,75,0,합격,웰푸드
20260310-R038-001,R038,2026-03-10,2027-02-09,45,0,합격,웰푸드
20260303-R038-001,R038,2026-03-03,2027-02-08,37.5,0,합격,웰푸드
20260224-R038-001,R038,2026-02-24,2027-02-08,75,0,합격,웰푸드
20260203-R038-001,R038,2026-02-03,2027-01-14,75,0,합격,웰푸드
20260203-R038-002,R038,2026-02-03,2027-01-14,360,0,합격,웰푸드
20250802-R040-001,R040,2025-08-02,2027-07-13,107,82.076,합격,CJ
20251129-R041-001,R041,2025-11-29,2026-12-15,10,0,합격,제원인터내쇼날
20260303-R043-001,R043,2026-03-03,2028-04-09,3,3,합격,웰푸드
20250401-R043-001,R043,2025-04-01,2027-06-04,1.5,0.5,합격,웰푸드
20260504-R044-001,R044,2026-05-04,2028-04-12,5,5,합격,플러스오케이
20260403-R044-001,R044,2026-04-03,2026-05-31,1,1,합격,에쓰푸드
20260210-R044-001,R044,2026-02-10,2026-05-31,30,17.5,합격,에쓰푸드
20260519-R047-001,R047,2026-05-19,2031-05-08,75,75,합격,웰푸드
20260414-R047-001,R047,2026-04-14,2028-04-04,75,0,합격,웰푸드
20260303-R047-001,R047,2026-03-03,2030-02-22,60,60,합격,웰푸드
20260113-R047-001,R047,2026-01-13,2030-01-13,135,51.86320000000005,합격,웰푸드
20260428-R048-001,R048,2026-04-28,2028-01-01,2000,2000,합격,내츄럴에프앤비
20260416-R048-001,R048,2026-04-16,2028-01-01,2000,2000,합격,내츄럴에프앤비
20260327-R048-001,R048,2026-03-27,2027-08-27,1000,1000,합격,내츄럴에프앤비
20260310-R048-001,R048,2026-03-10,2027-11-14,1000,962.4550000000003,합격,내츄럴에프앤비
20260212-R048-001,R048,2026-02-12,2027-08-23,1000,0,합격,내츄럴에프앤비
20260212-R048-002,R048,2026-02-12,2027-08-23,1725,0,합격,내츄럴에프앤비
20260204-R048-001,R048,2026-02-04,2027-08-23,500,0,합격,내츄럴에프앤비
20250203-R049-001,R049,2025-02-03,2027-02-03,4.4,4.4,합격,오뚜기
20260505-R050-001,R050,2026-05-05,2028-02-04,12,12,합격,웰푸드
20260305-R050-001,R050,2026-03-05,2027-01-13,15,15,합격,조흥
20251212-R050-001,R050,2025-12-12,2027-10-13,2.7,2.6488892534864648,합격,플러스오케이
20260521-R051-001,R051,2026-05-21,2028-04-20,40,40,합격,플러스오케이
20260313-R051-001,R051,2026-03-13,2028-01-15,20,20,합격,플러스오케이(주)
20260113-R051-001,R051,2026-01-13,2028-12-28,23,23,합격,웰푸드
20260320-R052-001,R052,2026-03-20,2028-02-13,20,20,합격,맑은들
20251127-R052-001,R052,2025-11-27,2027-09-11,5,4.882,합격,맑은들
20260412-R053-001,R053,2026-04-12,2027-04-09,5,4.974444626743232,합격,맑은들
20260318-R053-001,R053,2026-03-18,2028-02-27,20,20,합격,맑은들(주)
20260514-R054-001,R054,2026-05-14,2028-03-05,40,20.197999999999993,합격,맑은들
20250829-R054-001,R054,2025-08-29,2027-06-05,40,0,합격,맑은들
20260402-R055-001,R055,2026-04-02,2027-11-27,20,20,합격,베이크어바웃
20251114-R055-001,R055,2025-11-14,2028-10-23,5,4,합격,베이크어바웃
20260515-R056-001,R056,2026-05-15,2028-05-12,40,40,합격,맑은들
20260320-R056-001,R056,2026-03-20,2028-02-05,20,20,합격,맑은들
20260113-R056-001,R056,2026-01-13,2027-11-11,30,1.9937999999999647,합격,맑은들
20260521-R057-001,R057,2026-05-21,2028-03-12,60,60,합격,맑은들
20260514-R057-001,R057,2026-05-14,2028-03-12,60,60,합격,맑은들
20260425-R057-001,R057,2026-04-25,2028-03-12,60,3.969999999999999,합격,맑은들
20260320-R057-001,R057,2026-03-20,2028-03-03,40,0,합격,맑은들
20260312-R057-001,R057,2026-03-12,2028-02-19,20,0,합격,맑은들
20260113-R057-001,R057,2026-01-13,2027-12-10,40,0,합격,맑은들
20260320-R058-001,R058,2026-03-20,2028-02-12,20,20,합격,맑은들
20251127-R058-001,R058,2025-11-27,2027-10-15,20,19.8032,합격,맑은들
20250514-R059-001,R059,2025-05-14,2026-02-20,5,5,합격,주피터인터네셔널
20260527-R061-001,R061,2026-05-27,2027-07-03,48,48,합격,리첼스코리아
20260120-R061-001,R061,2026-01-20,2027-04-22,36,24,합격,리첼스코리아
20260416-R063-001,R063,2026-04-16,2028-03-16,3,0,합격,에쓰푸드
20251230-R063-001,R063,2025-12-30,2028-10-15,842,795.8014143681088,합격,CJ
20250904-R064-001,R064,2025-09-04,2027-03-08,10,9.303398710637333,합격,하이베이스
20250924-R065-001,R065,2025-09-24,2026-02-19,3,0,합격,에쓰푸드
ADJ-20260528-015223,R066,2026-05-28,2027-05-28,41.964,41.964,합격,재고조정
20260428-R066-001,R066,2026-04-28,2029-02-03,15,15,합격,플러스오케이
20260402-R066-001,R066,2026-04-02,2029-02-03,15,15,합격,플러스오케이
20260224-R066-001,R066,2026-02-24,2027-12-05,10,8.036,합격,웰푸드
20251129-R066-001,R066,2025-11-29,2027-11-05,8,0,합격,웰푸드
20260314-R067-001,R067,2026-03-14,2027-11-08,12,12,합격,제원인터내쇼날
20250327-R067-001,R067,2025-03-27,2026-09-27,2,1,합격,제원인터내쇼날
ADJ-20260528-015033,R068,2026-05-28,2027-05-28,80,80,합격,재고조정
20260521-R068-001,R068,2026-05-21,2026-06-21,200,0,합격,제니코식품
20260509-R068-001,R068,2026-05-09,2026-06-06,200,0,합격,제니코식품
20260423-R068-001,R068,2026-04-23,2026-05-23,200,200,합격,제니코식품
20260423-R068-002,R068,2026-04-23,2026-05-23,100,0,합격,플러스오케이
20260414-R068-001,R068,2026-04-14,2026-05-11,240,0,합격,제니코식품
20260414-R068-002,R068,2026-04-14,2026-05-16,140,0,합격,플러스오케이
20260413-R068-001,R068,2026-04-13,2026-05-11,20,0,합격,플러스오케이
20260402-R068-001,R068,2026-04-02,2026-05-04,120,0,합격,플러스오케이
20260324-R068-001,R068,2026-03-24,2026-04-24,120,0,합격,플러스오케이
20260323-R068-001,R068,2026-03-23,2026-04-24,120,0,합격,플러스오케이
20260312-R068-001,R068,2026-03-12,2026-04-11,120,0,합격,제니코식품
20260311-R068-001,R068,2026-03-11,2026-04-11,120,0,합격,제니코식품
20260226-R068-001,R068,2026-02-26,2026-03-21,240,0,합격,제니코식품
20260219-R068-001,R068,2026-02-19,2026-03-15,559,0,합격,제니코식품
20260203-R068-002,R068,2026-02-03,2026-03-02,180,0,합격,플러스오케이
20260313-R069-001,R069,2026-03-13,2027-10-21,150,150,합격,(주)네츄럴에프앤비
20260204-R069-001,R069,2026-02-04,2027-10-21,150,0,합격,내츄럴에프앤비
20260204-R069-002,R069,2026-02-04,2027-10-21,150,5,합격,내츄럴에프앤비
20260115-R070-001,R070,2026-01-15,2028-08-22,3000,2859.2313508894604,합격,디엔씨트레이딩
20260507-R071-001,R071,2026-05-07,2031-05-06,1500,1500,합격,한주통상
20260223-R071-001,R071,2026-02-23,2030-02-22,1500,359.80500000000075,합격,한주통상
20251203-R071-001,R071,2025-12-03,2029-06-15,774,0,합격,한주통상
20260521-R072-001,R072,2026-05-21,2028-11-28,53.1,53.1,합격,플러스오케이
20260428-R072-001,R072,2026-04-28,2028-11-28,53.1,53.1,합격,플러스오케이
20260414-R072-001,R072,2026-04-14,2028-11-18,17.7,17.7,합격,웰푸드
20260402-R072-001,R072,2026-04-02,2028-11-02,53.1,53.1,합격,플러스오케이
20260310-R072-001,R072,2026-03-10,2028-11-03,35.4,35.4,합격,웰푸드
20260210-R072-001,R072,2026-02-10,2028-10-15,88.5,0,합격,CJ
20260210-R072-002,R072,2026-02-10,2028-10-15,105,33.67,합격,CJ
20260526-R075-001,R075,2026-05-26,2026-06-23,2.5,2.5,합격,에쓰푸드
20260512-R075-001,R075,2026-05-12,2026-06-11,5,5,합격,에쓰푸드
20260407-R075-001,R075,2026-04-07,2026-04-30,6,6,합격,에쓰푸드
20260326-R075-001,R075,2026-03-26,2026-04-23,5,5,합격,에쓰푸드
20260220-R075-001,R075,2026-02-20,2026-03-12,10,0,합격,에쓰푸드
20260211-R075-001,R075,2026-02-11,2025-12-17,3,0,합격,에쓰푸드
20260211-R075-002,R075,2026-02-11,2026-03-05,5,0,합격,에쓰푸드
20260413-R078-001,R078,2026-04-13,2027-04-01,226.8,226.8,합격,베이크어바웃
20260402-R078-001,R078,2026-04-02,2027-03-18,226.8,15.101399999999956,합격,베이크어바웃
20260312-R078-001,R078,2026-03-12,2027-02-08,56.7,0,합격,베이크어바웃
20260212-R078-001,R078,2026-02-12,2027-02-08,226.8,0,합격,베이크어바웃
20260113-R078-001,R078,2026-01-13,2026-12-14,90.75,0,합격,베이크어바웃
20260527-R079-001,R079,2026-05-27,2028-01-21,45.36,45.36,합격,열매마을
20260526-R079-001,R079,2026-05-26,2028-02-03,11.34,11.34,합격,웰푸드
20260519-R079-001,R079,2026-05-19,2028-03-03,45.36,45.36,합격,열매마을
20260519-R079-002,R079,2026-05-19,2027-11-09,11.34,11.34,합격,웰푸드
20260512-R079-001,R079,2026-05-12,2027-11-09,11.34,11.34,합격,웰푸드
20260505-R079-001,R079,2026-05-05,2027-11-09,11.34,11.34,합격,웰푸드
20260428-R079-001,R079,2026-04-28,2027-11-09,11.34,11.34,합격,웰푸드
20260421-R079-001,R079,2026-04-21,2027-11-09,11.34,11.34,합격,웰푸드
20260414-R079-001,R079,2026-04-14,2027-11-09,11.34,11.34,합격,웰푸드
20260407-R079-001,R079,2026-04-07,2027-11-09,11.34,11.34,합격,웰푸드
20260401-R079-001,R079,2026-04-01,2027-11-24,79.38,79.38,합격,열매마을
20260331-R079-001,R079,2026-03-31,2027-11-09,11.34,11.34,합격,웰푸드
20260324-R079-001,R079,2026-03-24,2027-11-09,22.68,22.68,합격,웰푸드
20260323-R079-001,R079,2026-03-23,2027-12-18,22.68,22.68,합격,열매마을
20260317-R079-001,R079,2026-03-17,2027-11-09,22.68,22.68,합격,웰푸드
20260310-R079-001,R079,2026-03-10,2027-05-09,11.34,0,합격,웰푸드
20260304-R079-001,R079,2026-03-04,2028-12-04,34.02,0,합격,열매마을
20260303-R079-001,R079,2026-03-03,2028-11-09,11.34,0,합격,웰푸드
20260224-R079-001,R079,2026-02-24,2027-11-09,11.34,0,합격,웰푸드
20260210-R079-001,R079,2026-02-10,2028-11-09,11.34,0,합격,웰푸드
20260210-R079-002,R079,2026-02-10,2029-02-10,125,117.54899999999999,합격,웰푸드
20260209-R079-001,R079,2026-02-09,2029-02-08,34.02,0,합격,열매마을
20260203-R079-001,R079,2026-02-03,2029-02-02,11.34,0,합격,웰푸드
20260416-R080-001,R080,2026-04-16,2027-07-11,9,9,합격,해피타임
20251227-R080-001,R080,2025-12-27,2027-05-16,11.4,3.5999999999999996,합격,해피타임
20260416-R081-001,R081,2026-04-16,2027-11-25,18,18,합격,해피타임
20260317-R081-001,R081,2026-03-17,2027-11-25,18,18,합격,해피타임
20260223-R081-001,R081,2026-02-23,2027-11-25,9,7.1999999999999975,합격,해피타임
20251231-R081-001,R081,2025-12-31,2027-11-25,9.6,0,합격,해피타임
20260223-R082-001,R082,2026-02-23,2027-06-22,9,9,합격,해피타임
20251227-R082-001,R082,2025-12-27,2027-06-22,5.4,4.199999999999999,합격,해피타임
20260416-R083-001,R083,2026-04-16,2027-07-13,9,9,합격,해피타임
20260223-R083-001,R083,2026-02-23,2027-07-13,9,9,합격,해피타임
20251231-R083-001,R083,2025-12-31,2027-02-22,6,0,합격,해피타임
20251231-R084-001,R084,2025-12-31,2027-04-26,17.4,9,합격,해피타임
20251231-R085-001,R085,2025-12-31,2027-04-22,45,43.8,합격,해피타임
20260416-R086-001,R086,2026-04-16,2027-05-20,18,18,합격,해피타임
20260317-R086-001,R086,2026-03-17,2027-05-20,9,9,합격,해피타임
20260223-R086-001,R086,2026-02-23,2027-05-20,18,11.400000000000002,합격,해피타임
20251231-R086-001,R086,2025-12-31,2027-05-20,7.2,0,합격,해피타임
20260223-R087-001,R087,2026-02-23,2027-07-08,18,5.999999999999998,합격,해피타임
20251227-R087-001,R087,2025-12-27,2027-06-14,3.6,0,합격,해피타임
20260304-R088-001,R088,2026-03-04,2030-09-15,10,10,합격,티코리아
20260113-R088-001,R088,2026-01-13,2030-09-15,5,4.71273381294964,합격,티코리아
20260526-R090-001,R090,2026-05-26,2026-10-12,16,16,합격,웰푸드
20260519-R090-001,R090,2026-05-19,2026-10-12,16,16,합격,플러스오케이
20260512-R090-001,R090,2026-05-12,2026-10-12,16,16,합격,웰푸드
20260428-R090-001,R090,2026-04-28,2026-10-12,16,16,합격,플러스오케이
20260414-R090-001,R090,2026-04-14,2026-09-16,16,16,합격,플러스오케이
20260413-R090-001,R090,2026-04-13,2026-09-16,16,16,합격,플러스오케이
20260331-R090-001,R090,2026-03-31,2026-09-16,16,16,합격,플러스오케이
20260312-R090-001,R090,2026-03-12,2026-07-08,16,16,합격,플러스오케이
20260311-R090-001,R090,2026-03-11,2026-07-08,16,16,합격,플러스오케이
20260226-R090-001,R090,2026-02-26,2026-07-08,16,3.435000000000001,합격,플러스오케이
20260220-R090-001,R090,2026-02-20,2026-07-08,48,0,합격,플러스오케이
20260203-R090-001,R090,2026-02-03,2026-07-08,5,0,합격,플러스오케이
20260203-R090-002,R090,2026-02-03,2026-07-08,48,0,합격,플러스오케이
20260512-R091-001,R091,2026-05-12,2026-12-04,5,5,합격,웰푸드
20260331-R091-001,R091,2026-03-31,2026-12-02,5,5,합격,웰푸드
20260303-R091-001,R091,2026-03-03,2026-06-11,5,5,합격,웰푸드
20251216-R091-001,R091,2025-12-16,2026-05-16,10,5,합격,웰푸드
20260507-R092-001,R092,2026-05-07,2027-08-20,520,520,합격,에쓰푸드
20260313-R092-001,R092,2026-03-13,2027-07-02,40,40,합격,에쓰푸드
20260305-R092-001,R092,2026-03-05,2027-07-02,100,10.195,합격,에쓰푸드
20260207-R092-001,R092,2026-02-07,2027-07-02,20,0,합격,에쓰푸드
20260207-R092-002,R092,2026-02-07,2027-07-02,100,0,합격,에쓰푸드
20260205-R092-001,R092,2026-02-05,2027-07-02,40,0,합격,애쓰푸드
20260226-R093-001,R093,2026-02-26,2029-04-02,1.8,1.8,합격,플러스오케이
20260203-R093-001,R093,2026-02-03,2029-04-02,1.8,0,합격,플러스오케이
20260203-R093-002,R093,2026-02-03,2029-04-02,6.75,3.7929999999999997,합격,플러스오케이
20260120-R094-001,R094,2026-01-20,2026-10-23,50,48.80600000000001,합격,플러스오케이
20260515-R095-001,R095,2026-05-15,2026-07-07,3,3,합격,베이크어바웃
20260427-R095-001,R095,2026-04-27,2026-07-07,2.5,2.5,합격,베이크어바웃
20260327-R095-001,R095,2026-03-27,2026-07-07,3,3,합격,베이크어바웃
20260301-R095-001,R095,2026-03-01,2027-02-21,0.5,0.5,합격,플러스오케이
20260102-R095-001,R095,2026-01-02,2027-02-21,5.5,0.8890000000000001,합격,플러스오케이
20260324-R096-001,R096,2026-03-24,2027-01-15,725.76,674.8211999999996,합격,이든타운에프앤비(주)
20260106-R096-001,R096,2026-01-06,2026-09-08,680,0,합격,이든타운에프앤비
20260513-R097-001,R097,2026-05-13,2028-02-08,40,21.368800000000007,합격,CJ
20260212-R097-001,R097,2026-02-12,2026-11-03,20,0,합격,CJ
20260526-R098-001,R098,2026-05-26,2026-08-05,12,12,합격,웰푸드
20260512-R098-001,R098,2026-05-12,2026-07-21,12,12,합격,웰푸드
20260505-R098-001,R098,2026-05-05,2026-07-09,12,12,합격,웰푸드
20260428-R098-001,R098,2026-04-28,2026-06-26,12,12,합격,웰푸드
20260421-R098-001,R098,2026-04-21,2026-06-18,24,24,합격,웰푸드
20260324-R098-001,R098,2026-03-24,2026-06-09,24,24,합격,웰푸드
20260317-R098-001,R098,2026-03-17,2026-05-19,36,36,합격,웰푸드
20260310-R098-001,R098,2026-03-10,2026-05-11,12,12,합격,웰푸드
20260303-R098-001,R098,2026-03-03,2026-05-11,12,3.809,합격,웰푸드
20260127-R098-001,R098,2026-01-27,2026-03-16,36,0,합격,웰푸드
20260526-R099-001,R099,2026-05-26,2027-03-03,120,120,합격,웰푸드
20260519-R099-001,R099,2026-05-19,2027-03-03,60,60,합격,웰푸드
20260512-R099-001,R099,2026-05-12,2027-03-03,60,60,합격,웰푸드
20260505-R099-001,R099,2026-05-05,2027-03-03,120,120,합격,웰푸드
20260428-R099-001,R099,2026-04-28,2027-03-03,72,72,합격,웰푸드
20260421-R099-001,R099,2026-04-21,2027-03-03,60,60,합격,웰푸드
20260414-R099-001,R099,2026-04-14,2027-03-03,96,96,합격,웰푸드
20260407-R099-001,R099,2026-04-07,2027-03-03,60,60,합격,웰푸드
20260331-R099-001,R099,2026-03-31,2027-03-03,60,57.7650000000001,합격,웰푸드
20260324-R099-001,R099,2026-03-24,2026-11-11,120,0,합격,웰푸드
20260317-R099-001,R099,2026-03-17,2026-11-11,120,0,합격,웰푸드
20260310-R099-001,R099,2026-03-10,2026-11-11,120,0,합격,웰푸드
20260303-R099-001,R099,2026-03-03,2026-11-11,120,0,합격,웰푸드
20260224-R099-001,R099,2026-02-24,2026-11-10,84,0,합격,웰푸드
20260210-R099-001,R099,2026-02-10,2026-11-11,36,0,합격,웰푸드
20260210-R099-002,R099,2026-02-10,2026-11-11,240,0,합격,웰푸드
20260203-R099-002,R099,2026-02-03,2026-11-10,60,0,합격,웰푸드
20260519-R100-001,R100,2026-05-19,2026-07-13,1000,1000,합격,내츄럴에프앤비
20260427-R100-001,R100,2026-04-27,2026-07-12,1000,834.7038000000002,합격,내츄럴에프앤비
20260427-R100-002,R100,2026-04-27,2026-05-06,200,0,합격,내츄럴에프앤비
20260406-R100-001,R100,2026-04-06,2026-07-09,1000,0,합격,내츄럴에프앤비
20260320-R100-001,R100,2026-03-20,2026-07-09,900,0,합격,부산경남우유협동조합
20260306-R100-001,R100,2026-03-06,2026-04-16,1000,0,합격,내츄럴에프앤비
20260213-R100-001,R100,2026-02-13,2026-04-16,1000,0,합격,내츄럴에프앤비
20260213-R100-002,R100,2026-02-13,2026-04-16,1060,0,합격,내츄럴에프앤비
20260130-R101-001,R101,2026-01-30,2027-01-02,2930,2339.219367025273,합격,사조동아원
20251231-R102-001,R102,2025-12-31,2026-10-09,1000,341.5762819360133,합격,프레롱
20260529-R103-001,R103,2026-05-29,2026-06-04,50,50,합격,풍림푸드
20260526-R103-001,R103,2026-05-26,2026-06-01,50,50,합격,풍림푸드
20260522-R103-001,R103,2026-05-22,2026-05-28,50,50,합격,풍림푸드
20260519-R103-001,R103,2026-05-19,2026-05-25,50,50,합격,풍림푸드
20260515-R103-001,R103,2026-05-15,2026-05-21,50,50,합격,풍림푸드
20260512-R103-001,R103,2026-05-12,2026-05-18,50,50,합격,풍림푸드
20260508-R103-001,R103,2026-05-08,2026-05-14,50,50,합격,풍림푸드
20260501-R103-001,R103,2026-05-01,2026-05-07,50,50,합격,풍림푸드
20260428-R103-001,R103,2026-04-28,2026-05-04,50,50,합격,풍림푸드
20260424-R103-001,R103,2026-04-24,2026-04-30,50,50,합격,풍림푸드
20260421-R103-001,R103,2026-04-21,2026-04-27,50,50,합격,풍림푸드
20260417-R103-001,R103,2026-04-17,2026-04-23,50,50,합격,풍림푸드
20260410-R103-001,R103,2026-04-10,2026-04-15,50,50,합격,풍림푸드
20260407-R103-001,R103,2026-04-07,2026-04-12,50,50,합격,풍림푸드
20260403-R103-001,R103,2026-04-03,2026-04-08,50,50,합격,풍림푸드
20260331-R103-001,R103,2026-03-31,2026-04-05,50,50,합격,풍림푸드
20260327-R103-001,R103,2026-03-27,2026-04-01,50,50,합격,풍림푸드
20260324-R103-001,R103,2026-03-24,2026-03-29,50,50,합격,풍림푸드
20260317-R103-001,R103,2026-03-17,2026-03-23,50,50,합격,풍림푸드
20260313-R103-001,R103,2026-03-13,2026-03-19,50,50,합격,풍림푸드
20260309-R103-001,R103,2026-03-09,2026-03-16,50,33.483999999999895,합격,풍림푸드
20260306-R103-001,R103,2026-03-06,2026-03-12,50,0,합격,풍림푸드
20260303-R103-001,R103,2026-03-03,2026-03-09,50,0,합격,풍림푸드
20260227-R103-001,R103,2026-02-27,2026-03-05,50,0,합격,풍림푸드
20260223-R103-001,R103,2026-02-23,2026-03-02,50,0,합격,풍림푸드
20260220-R103-001,R103,2026-02-20,2026-02-27,50,0,합격,풍림푸드
20260213-R103-001,R103,2026-02-13,2026-02-20,40,0,합격,풍림푸드
20260213-R103-002,R103,2026-02-13,2026-02-20,230,0,합격,풍림푸드
20260210-R103-001,R103,2026-02-10,2026-02-17,40,0,합격,풍림푸드
20260206-R103-001,R103,2026-02-06,2026-02-13,50,0,합격,풍림푸드
20260203-R103-001,R103,2026-02-03,2026-02-10,40,0,합격,풍림푸드
20260501-R104-001,R104,2026-05-01,2026-10-28,25000,25000,합격,사조동아원
20251029-R104-001,R104,2025-10-29,2026-03-26,8400,8345.324,합격,사조동아원
20250715-R105-001,R105,2025-07-15,2027-01-21,3.6,3.6,합격,웰푸드
20260526-R106-001,R106,2026-05-26,2027-04-28,10,10,합격,웰푸드
20260428-R106-001,R106,2026-04-28,2027-03-02,10,10,합격,웰푸드
20260421-R106-001,R106,2026-04-21,2027-03-02,10,10,합격,웰푸드
20260120-R106-001,R106,2026-01-20,2026-12-03,48,40,합격,웰푸드
20250310-R108-001,R108,2025-03-10,2026-11-01,480,20.997999999999998,합격,성도물산
20251014-R109-001,R109,2025-10-14,2026-03-29,5,0,합격,웰푸드
20260526-R110-001,R110,2026-05-26,2027-03-05,180,180,합격,웰푸드
20260519-R110-001,R110,2026-05-19,2027-03-08,100,100,합격,웰푸드
20260512-R110-001,R110,2026-05-12,2027-03-08,100,100,합격,웰푸드
20260505-R110-001,R110,2026-05-05,2027-03-05,100,100,합격,웰푸드
20260428-R110-001,R110,2026-04-28,2026-11-10,120,0,합격,웰푸드
20260421-R110-001,R110,2026-04-21,2026-11-12,140,140,합격,웰푸드
20260414-R110-001,R110,2026-04-14,2026-11-12,60,60,합격,웰푸드
20260407-R110-001,R110,2026-04-07,2026-11-12,160,94.67800000000022,합격,웰푸드
20260324-R110-001,R110,2026-03-24,2026-11-11,160,0,합격,웰푸드
20260317-R110-001,R110,2026-03-17,2026-11-11,200,0,합격,웰푸드
20260310-R110-001,R110,2026-03-10,2026-11-10,100,0,합격,웰푸드
20260303-R110-001,R110,2026-03-03,2026-11-10,100,0,합격,웰푸드
20260224-R110-001,R110,2026-02-24,2026-11-10,100,0,합격,웰푸드
20260210-R110-001,R110,2026-02-10,2026-11-11,40,0,합격,웰푸드
20260210-R110-002,R110,2026-02-10,2026-11-11,474,0,합격,웰푸드
20260203-R110-002,R110,2026-02-03,2026-11-10,100,0,합격,웰푸드
20260526-R111-001,R111,2026-05-26,2026-10-15,25,0,합격,에쓰푸드
20260512-R111-001,R111,2026-05-12,2026-10-15,10,0,합격,에쓰푸드
20260507-R111-001,R111,2026-05-07,2027-02-01,136,75,합격,베이크어바웃
20260507-R111-002,R111,2026-05-07,2026-10-09,50,0,합격,에쓰푸드
20260501-R111-001,R111,2026-05-01,2026-10-09,100,0,합격,에쓰푸드
20260429-R111-001,R111,2026-04-29,2026-10-09,50,0,합격,에쓰푸드
20260423-R111-001,R111,2026-04-23,2026-09-08,50,0,합격,에쓰푸드
20260413-R111-001,R111,2026-04-13,2026-09-08,25,0,합격,에쓰푸드
20260407-R111-001,R111,2026-04-07,2026-09-08,20,0,합격,에쓰푸드
20260331-R111-001,R111,2026-03-31,2026-09-08,50,0,합격,에쓰푸드
20260320-R111-001,R111,2026-03-20,2026-07-07,10,0,합격,에쓰푸드
20260317-R111-001,R111,2026-03-17,2026-07-07,50,0,합격,에쓰푸드
20260309-R111-001,R111,2026-03-09,2026-07-07,25,0,합격,에쓰푸드
20260219-R111-001,R111,2026-02-19,2026-09-09,272,0,합격,베이크어바웃
20260207-R111-001,R111,2026-02-07,2026-06-26,55,0,합격,동서
20260428-R112-001,R112,2026-04-28,2027-02-08,30,30,합격,웰푸드
20260407-R112-001,R112,2026-04-07,2027-08-30,25,25,합격,웰푸드
20260331-R112-001,R112,2026-03-31,2027-08-30,25,25,합격,웰푸드
20260303-R112-001,R112,2026-03-03,2027-08-30,25,25,합격,웰푸드
20260224-R112-001,R112,2026-02-24,2027-08-30,25,25,합격,웰푸드
20260127-R112-001,R112,2026-01-27,2027-04-19,75,19.974000000000004,합격,웰푸드
20260527-R113-001,R113,2026-05-27,2027-03-11,9000,9000,합격,STEINMETZ
20260519-R113-001,R113,2026-05-19,2027-05-10,1000,1000,합격,사조동아원
20260429-R113-001,R113,2026-04-29,2027-04-17,2000,600,합격,사조동아원
20260423-R113-001,R113,2026-04-23,2027-04-16,2000,0,합격,사조동아원
20260410-R113-001,R113,2026-04-10,2027-03-28,2000,0,합격,사조동아원
20260403-R113-001,R113,2026-04-03,2027-03-24,2000,0,합격,사조동아원
20260319-R113-001,R113,2026-03-19,2027-02-27,2000,0,합격,사조동아원
20260311-R113-001,R113,2026-03-11,2027-02-25,2000,0,합격,사조동아원
20260223-R113-001,R113,2026-02-23,2027-02-11,1000,0,합격,사조동아원
20260219-R113-001,R113,2026-02-19,2027-02-06,1000,0,합격,사조동아원
20260204-R113-001,R113,2026-02-04,2027-02-01,2000,0,합격,사조동아원
20260204-R113-002,R113,2026-02-04,2027-02-01,2220,0,합격,사조동아원
20260527-R114-001,R114,2026-05-27,2026-10-03,4000,4000,합격,사조동아원
20260519-R114-001,R114,2026-05-19,2027-11-14,1980,1980,합격,새롬푸드
20260519-R114-002,R114,2026-05-19,2026-07-20,2000,2000,합격,사조동아원
20260515-R114-001,R114,2026-05-15,2027-11-14,1000,1000,합격,새롬푸드
20260513-R114-001,R114,2026-05-13,2026-07-20,2000,2000,합격,사조동아원
20260429-R114-001,R114,2026-04-29,2026-07-20,2000,2000,합격,사조동아원
20260428-R114-001,R114,2026-04-28,2027-10-23,2000,2000,합격,새롬푸드
20260424-R114-001,R114,2026-04-24,2027-10-01,1000,1000,합격,새롬푸드
20260423-R114-001,R114,2026-04-23,2026-07-20,3000,3000,합격,사조동아원
20260417-R114-001,R114,2026-04-17,2026-07-20,3000,3000,합격,사조동아원
20260413-R114-001,R114,2026-04-13,2027-09-18,2000,699.9999999999945,합격,새롬푸드
20260410-R114-001,R114,2026-04-10,2026-07-20,2000,0,합격,사조동아원
20260406-R114-001,R114,2026-04-06,2027-09-18,1000,0,합격,새롬푸드
20260403-R114-001,R114,2026-04-03,2026-07-19,2000,0,합격,사조동아원
20260320-R114-001,R114,2026-03-20,2027-08-23,2000,0,합격,새롬푸드
20260319-R114-001,R114,2026-03-19,2026-07-19,2000,0,합격,사조동아원
20260311-R114-001,R114,2026-03-11,2026-07-19,2000,0,합격,사조동아원
20260225-R114-001,R114,2026-02-25,2027-08-09,3000,0,합격,새롬푸드
20260223-R114-001,R114,2026-02-23,2026-05-27,1000,0,합격,사조동아원
20260223-R114-002,R114,2026-02-23,2026-07-19,2000,0,합격,사조동아원
20260212-R114-001,R114,2026-02-12,2026-05-27,4600,0,합격,사조동아원
20251120-R114-001,R114,2025-11-20,2026-09-09,75,0,합격,사조동아원
20260522-R117-001,R117,2026-05-22,2027-05-07,2000,2000,합격,사조동아원
20260519-R117-001,R117,2026-05-19,2027-04-30,2000,2000,합격,사조동아원
20260427-R117-001,R117,2026-04-27,2027-04-10,3000,2466.973,합격,사조동아원
20260323-R117-001,R117,2026-03-23,2027-02-23,2000,0,합격,사조동아원
20260328-R118-001,R118,2026-03-28,2026-11-27,7,7,합격,제원인터내쇼날
20251115-R118-001,R118,2025-11-15,2026-06-19,7,3.5,합격,제원인터내쇼날
20260413-R119-001,R119,2026-04-13,2027-12-09,5,5,합격,플러스오케이
20260402-R119-001,R119,2026-04-02,2027-12-01,10,10,합격,플러스오케이
20260206-R119-001,R119,2026-02-06,2026-09-23,2,0,합격,플러스오케이
20260206-R119-002,R119,2026-02-06,2026-09-23,2,2,합격,플러스오케이
20260519-R121-001,R121,2026-05-19,2028-02-03,75,75,합격,웰푸드
20260428-R121-001,R121,2026-04-28,2028-01-21,75,63.96800000000002,합격,웰푸드
20260331-R121-001,R121,2026-03-31,2027-12-20,30,0,합격,웰푸드
20260224-R121-001,R121,2026-02-24,2027-10-25,150,0,합격,웰푸드
20260127-R121-001,R121,2026-01-27,2027-10-20,120,0,합격,웰푸드
20250226-R122-001,R122,2025-02-26,2027-01-31,165,33,합격,조흥
20260526-R123-001,R123,2026-05-26,2027-02-25,12,12,합격,웰푸드
20260519-R123-001,R123,2026-05-19,2027-02-25,12,12,합격,웰푸드
20260512-R123-001,R123,2026-05-12,2027-02-25,12,12,합격,웰푸드
20260505-R123-001,R123,2026-05-05,2026-12-29,12,12,합격,웰푸드
20260428-R123-001,R123,2026-04-28,2027-01-30,12,12,합격,웰푸드
20260421-R123-001,R123,2026-04-21,2026-12-29,24,24,합격,웰푸드
20260324-R123-001,R123,2026-03-24,2026-12-10,24,24,합격,웰푸드
20260317-R123-001,R123,2026-03-17,2026-12-09,36,36,합격,웰푸드
20260310-R123-001,R123,2026-03-10,2026-12-03,12,12,합격,웰푸드
20260224-R123-001,R123,2026-02-24,2026-11-24,12,12,합격,웰푸드
20260203-R123-001,R123,2026-02-03,2026-11-24,12,0,합격,웰푸드
20260203-R123-002,R123,2026-02-03,2026-11-24,48,0.7189999999999999,합격,웰푸드
20260512-R124-001,R124,2026-05-12,2026-06-29,200,200,합격,소적두
20260413-R124-001,R124,2026-04-13,2026-05-26,200,200,합격,소적두
20260317-R124-001,R124,2026-03-17,2026-04-27,200,200,합격,소적두
20260227-R124-001,R124,2026-02-27,2026-03-21,230,150,합격,소적두
20260130-R124-001,R124,2026-01-30,2026-02-28,240,0,합격,소적두
20260514-R125-001,R125,2026-05-14,2027-04-16,10,10,합격,에쓰푸드
20260512-R125-001,R125,2026-05-12,2027-04-14,10,10,합격,에쓰푸드
20260511-R125-001,R125,2026-05-11,2027-04-14,5,5,합격,에쓰푸드
20260504-R125-001,R125,2026-05-04,2027-04-12,10,10,합격,에쓰푸드
20260416-R125-001,R125,2026-04-16,2027-03-25,10,10,합격,에쓰푸드
20260413-R125-001,R125,2026-04-13,2027-03-24,20,20,합격,에쓰푸드
20260326-R125-001,R125,2026-03-26,2027-03-03,10,10,합격,에쓰푸드
20260313-R125-001,R125,2026-03-13,2027-02-19,10,10,합격,에쓰푸드
20260302-R125-001,R125,2026-03-02,2027-02-10,10,6.85,합격,에쓰푸드
20260220-R125-001,R125,2026-02-20,2027-02-05,10,0,합격,에쓰푸드
20260106-R125-001,R125,2026-01-06,2026-11-26,12,0,합격,에쓰푸드
20250701-R126-001,R126,2025-07-01,2027-06-19,1925,2154.284,합격,사조대림
20260326-R127-001,R127,2026-03-26,2027-06-14,15,15,합격,에쓰푸드
20260302-R127-001,R127,2026-03-02,2027-05-19,720,653.9739999999999,합격,에쓰푸드
20260228-R127-001,R127,2026-02-28,2028-01-14,15,15,합격,플러스오케이
20260207-R127-001,R127,2026-02-07,2027-05-19,15,0,합격,에쓰푸드
20260207-R127-002,R127,2026-02-07,2027-05-19,105,0,합격,에쓰푸드
20260201-R127-001,R127,2026-02-01,2027-05-19,60,0,합격,에쓰푸드
20260521-R129-001,R129,2026-05-21,2028-03-08,250,250,합격,플러스오케이
20260506-R129-001,R129,2026-05-06,2028-03-08,250,250,합격,플러스오케이
20251114-R129-001,R129,2025-11-14,2027-10-06,350,197.54769018560643,합격,CJ
20260416-R130-001,R130,2026-04-16,2027-06-01,13.61,13.61,합격,열매마을
20251111-R130-001,R130,2025-11-11,2026-10-10,2,1,합격,웰푸드
20260428-R131-001,R131,2026-04-28,2026-10-20,300,300,합격,내츄럴에프앤비
20260318-R131-001,R131,2026-03-18,2026-09-10,300,300,합격,내츄럴에프앤비
20260313-R131-001,R131,2026-03-13,2026-04-06,20,20,합격,(주)네츄럴에프앤비
20260129-R131-001,R131,2026-01-29,2026-07-25,300,11.569,합격,내츄럴에프앤비
20260326-R133-001,R133,2026-03-26,2026-08-24,2,2,합격,에쓰푸드
20260527-R134-001,R134,2026-05-27,2028-01-10,54.44,54.44,합격,열매마을
20260519-R134-001,R134,2026-05-19,2028-01-10,68.05,68.05,합격,열매마을
20260506-R134-001,R134,2026-05-06,2028-02-04,81.66,81.66,합격,열매마을
20260413-R134-001,R134,2026-04-13,2028-01-10,68.05,68.05,합격,열매마을
20260401-R134-001,R134,2026-04-01,2028-01-10,54.44,54.44,합격,열매마을
20260304-R134-001,R134,2026-03-04,2027-01-07,95.27,34.993,합격,열매마을
20260209-R134-001,R134,2026-02-09,2027-02-09,95.27,0,합격,열매마을
20260209-R134-002,R134,2026-02-09,2027-11-03,27.22,27.22,합격,열매마을
20251105-R135-001,R135,2025-11-05,2027-10-14,59.43,29.996,합격,동서
20260527-R136-001,R136,2026-05-27,2028-01-29,100,100,합격,열매마을
20260526-R136-001,R136,2026-05-26,2026-12-03,10,10,합격,웰푸드
20260519-R136-001,R136,2026-05-19,2028-01-20,90,90,합격,열매마을
20260519-R136-002,R136,2026-05-19,2026-12-03,10,10,합격,웰푸드
20260512-R136-001,R136,2026-05-12,2026-12-03,10,10,합격,웰푸드
20260506-R136-001,R136,2026-05-06,2028-01-20,200,200,합격,열매마을
20260505-R136-001,R136,2026-05-05,2026-12-03,20,20,합격,웰푸드
20260428-R136-001,R136,2026-04-28,2026-12-03,10,10,합격,웰푸드
20260427-R136-001,R136,2026-04-27,2028-01-29,100,100,합격,열매마을
20260421-R136-001,R136,2026-04-21,2026-12-03,10,10,합격,웰푸드
20260414-R136-001,R136,2026-04-14,2026-12-03,20,20,합격,웰푸드
20260407-R136-001,R136,2026-04-07,2027-10-21,50,50,합격,열매마을
20260407-R136-002,R136,2026-04-07,2026-12-03,10,10,합격,웰푸드
20260401-R136-001,R136,2026-04-01,2027-10-21,130,130,합격,열매마을
20260331-R136-001,R136,2026-03-31,2026-12-03,10,10,합격,웰푸드
20260324-R136-001,R136,2026-03-24,2026-12-03,10,10,합격,웰푸드
20260323-R136-001,R136,2026-03-23,2027-10-07,100,100,합격,열매마을
20260317-R136-001,R136,2026-03-17,2026-12-02,10,10,합격,웰푸드
20260312-R136-001,R136,2026-03-12,2027-10-07,100,100,합격,열매마을
20260310-R136-001,R136,2026-03-10,2026-12-03,10,0,합격,웰푸드
20260304-R136-001,R136,2026-03-04,2027-10-07,150,91.344,합격,열매마을
20260303-R136-001,R136,2026-03-03,2026-12-03,10,0,합격,웰푸드
20260228-R136-001,R136,2026-02-28,2027-09-15,50,0,합격,플러스오케이
20260224-R136-001,R136,2026-02-24,2026-12-03,10,0,합격,웰푸드
20260210-R136-001,R136,2026-02-10,2026-12-02,10,0,합격,웰푸드
20260210-R136-002,R136,2026-02-10,2026-12-02,315,0,합격,웰푸드
20260209-R136-001,R136,2026-02-09,2028-02-09,150,0,합격,열매마을
20260203-R136-001,R136,2026-02-03,2028-01-24,10,0,합격,웰푸드
20260313-R137-001,R137,2026-03-13,2027-09-16,1080,891.1084000000001,합격,성도물산
20250830-R137-001,R137,2025-08-30,2027-03-13,306,0,합격,성도물산
20260203-R138-001,R138,2026-02-03,2026-12-09,2.5,0,합격,웰푸드
20260203-R138-002,R138,2026-02-03,2026-12-09,2.5,2.4913,합격,웰푸드
20260514-R140-001,R140,2026-05-14,2028-05-06,20,20,합격,맑은들
20260312-R140-001,R140,2026-03-12,2028-03-06,20,0,합격,맑은들
20260106-R140-001,R140,2026-01-06,2027-10-16,5,0,합격,맑은들
20260527-R142-001,R142,2026-05-27,2027-11-05,136.1,136.1,합격,열매마을
20260526-R142-001,R142,2026-05-26,2028-03-31,13.61,13.61,합격,웰푸드
20260519-R142-001,R142,2026-05-19,2027-11-05,81.66,81.66,합격,열매마을
20260519-R142-002,R142,2026-05-19,2028-03-31,13.61,13.61,합격,웰푸드
20260512-R142-001,R142,2026-05-12,2027-04-09,13.61,13.61,합격,웰푸드
20260506-R142-001,R142,2026-05-06,2027-11-05,272.2,272.2,합격,열매마을
20260505-R142-001,R142,2026-05-05,2027-04-09,13.61,13.61,합격,웰푸드
20260428-R142-001,R142,2026-04-28,2027-04-09,13.61,13.61,합격,웰푸드
20260427-R142-001,R142,2026-04-27,2027-11-05,272.2,272.2,합격,열매마을
20260421-R142-001,R142,2026-04-21,2027-04-09,13.61,13.61,합격,웰푸드
20260414-R142-001,R142,2026-04-14,2027-04-09,13.61,13.61,합격,웰푸드
20260413-R142-001,R142,2026-04-13,2027-11-05,68.05,68.05,합격,열매마을
20260407-R142-001,R142,2026-04-07,2027-11-05,68.05,68.05,합격,열매마을
20260407-R142-002,R142,2026-04-07,2027-04-09,13.61,13.61,합격,웰푸드
20260401-R142-001,R142,2026-04-01,2027-11-05,136.1,136.1,합격,열매마을
20260331-R142-001,R142,2026-03-31,2027-04-09,13.61,13.61,합격,웰푸드
20260324-R142-001,R142,2026-03-24,2027-04-09,13.61,13.61,합격,웰푸드
20260323-R142-001,R142,2026-03-23,2027-11-05,136.1,136.1,합격,열매마을
20260317-R142-001,R142,2026-03-17,2027-04-09,13.61,13.61,합격,웰푸드
20260312-R142-001,R142,2026-03-12,2027-05-05,136.1,136.1,합격,열매마을
20260310-R142-001,R142,2026-03-10,2026-10-09,13.61,0,합격,웰푸드
20260304-R142-001,R142,2026-03-04,2026-11-05,272.2,0,합격,열매마을
20260303-R142-001,R142,2026-03-03,2026-04-09,11.61,0,합격,웰푸드
20260224-R142-001,R142,2026-02-24,2026-04-09,13.61,0,합격,웰푸드
20260210-R142-001,R142,2026-02-10,2027-04-09,13.61,-13.61,합격,웰푸드
20260210-R142-002,R142,2026-02-10,2027-04-09,367,351.2679999999999,합격,웰푸드
20260209-R142-001,R142,2026-02-09,2027-08-03,272.2,-217.75999999999993,합격,열매마을
20260209-R142-002,R142,2026-02-09,2027-11-05,272.2,0,합격,열매마을
20260203-R142-001,R142,2026-02-03,2027-07-28,13.61,-13.61,합격,웰푸드
20260203-R142-002,R142,2026-02-03,2027-04-09,13.61,0,합격,웰푸드
20260527-R143-001,R143,2026-05-27,2027-02-27,1000,1000,합격,STEINMETZ
20260523-R143-001,R143,2026-05-23,2027-02-27,1750,1750,합격,STEINMETZ
20260522-R143-001,R143,2026-05-22,2027-11-16,1000,1000,합격,새롬푸드
20260514-R143-001,R143,2026-05-14,2027-11-11,1000,1000,합격,새롬푸드
20260424-R143-001,R143,2026-04-24,2027-10-20,1000,27.52180000000226,합격,새롬푸드
20251120-R143-001,R143,2025-11-20,2026-09-12,9540,0,합격,STEINMETZ
20260508-R146-001,R146,2026-05-08,2028-11-28,378,378,합격,동서
20260304-R146-001,R146,2026-03-04,2028-10-21,360,287.736,합격,동서
20260210-R146-001,R146,2026-02-10,2028-10-21,540,0,합격,동서
20260210-R146-002,R146,2026-02-10,2028-10-21,618,0,합격,동서
20260328-R147-001,R147,2026-03-28,2027-06-04,100,100,합격,제원인터내쇼날
20260312-R147-001,R147,2026-03-12,2027-06-10,100,100,합격,제원인터내쇼날
20260212-R147-001,R147,2026-02-12,2027-01-17,120,0,합격,제원인터내쇼날
20260212-R147-002,R147,2026-02-12,2027-01-17,170,89.26400000000001,합격,제원인터내쇼날
20260519-R148-001,R148,2026-05-19,2031-04-18,75,75,합격,웰푸드
20260414-R148-001,R148,2026-04-14,2028-01-17,75,75,합격,웰푸드
20260303-R148-001,R148,2026-03-03,2030-02-09,60,60,합격,웰푸드
20260113-R148-001,R148,2026-01-13,2029-09-12,120,74.67499999999998,합격,웰푸드
20260504-R149-001,R149,2026-05-04,2027-12-04,100,100,합격,플러스오케이
20260424-R149-001,R149,2026-04-24,2027-12-04,200,200,합격,플러스오케이
20260417-R149-001,R149,2026-04-17,2027-12-04,100,100,합격,플러스오케이
20260413-R149-001,R149,2026-04-13,2027-12-16,80,80,합격,에쓰푸드
20260403-R149-001,R149,2026-04-03,2027-12-16,56,56,합격,에쓰푸드
20260306-R149-001,R149,2026-03-06,2027-12-16,80,80,합격,에쓰푸드
20260108-R149-001,R149,2026-01-08,2027-07-18,190,185.83520000000001,합격,플러스오케이
20260506-R150-001,R150,2026-05-06,2028-03-10,113.4,113.4,합격,열매마을
20260427-R150-001,R150,2026-04-27,2028-01-30,45.36,45.36,합격,열매마을
20260417-R150-001,R150,2026-04-17,2028-01-30,113.4,113.4,합격,열매마을
20260413-R150-001,R150,2026-04-13,2028-01-31,68.04,68.04,합격,열매마을
20260407-R150-001,R150,2026-04-07,2028-01-31,22.68,22.68,합격,열매마을
20260323-R150-001,R150,2026-03-23,2028-01-06,22.68,22.68,합격,열매마을
20260127-R150-001,R150,2026-01-27,2027-12-01,90.72,21.159000000000006,합격,열매마을
20260413-R151-001,R151,2026-04-13,2028-01-19,10,10,합격,열매마을
20260127-R151-001,R151,2026-01-27,2027-03-13,10,9.052,합격,열매마을
20260507-R152-001,R152,2026-05-07,2026-12-09,100,100,합격,제원인터내쇼날
20260428-R152-001,R152,2026-04-28,2026-12-09,100,13.857000000000198,합격,제원인터내쇼날
20260414-R152-001,R152,2026-04-14,2026-12-09,50,0,합격,제원인터내쇼날
20260409-R152-001,R152,2026-04-09,2026-12-09,60,0,합격,제원인터내쇼날
20260407-R152-001,R152,2026-04-07,2026-09-27,10,0,합격,제원인터내쇼날
20260402-R152-001,R152,2026-04-02,2026-12-09,50,0,합격,제원인터내쇼날
20250115-R152-001,R152,2025-01-15,2026-09-27,10,0,합격,제원인터내쇼날
20260507-R153-001,R153,2026-05-07,2027-03-01,100,100,합격,제원인터내쇼날
20260428-R153-001,R153,2026-04-28,2027-03-01,50,50,합격,제원인터내쇼날
20260409-R153-001,R153,2026-04-09,2027-03-01,50,31.645000000000067,합격,제원인터내쇼날
20260115-R153-001,R153,2026-01-15,2026-06-13,5,0,합격,제원인터내쇼날
20251129-R154-001,R154,2025-11-29,2026-12-15,10,10,합격,제원인터내쇼날
20260512-R155-001,R155,2026-05-12,2026-10-08,10,10,합격,웰푸드
20260428-R155-001,R155,2026-04-28,2026-10-08,5,5,합격,웰푸드
20260331-R155-001,R155,2026-03-31,2026-09-16,5,5,합격,웰푸드
20260521-R33-001,R33,2026-05-21,2029-04-09,8.1,8.1,합격,플러스오케이
20260507-R33-001,R33,2026-05-07,2028-09-07,24.3,24.3,합격,플러스오케이
20260413-R33-001,R33,2026-04-13,2028-09-07,8.1,8.1,합격,플러스오케이
20260331-R33-001,R33,2026-03-31,2028-09-07,72.9,72.9,합격,플러스오케이
20260203-R33-001,R33,2026-02-03,2028-11-18,37.5,0,합격,플러스오케이
20260203-R33-002,R33,2026-02-03,2028-11-18,90,25.200000000000003,합격,플러스오케이
20260504-R73-001,R73,2026-05-04,2027-04-06,8,8,합격,조흥
20260428-R73-001,R73,2026-04-28,2027-04-06,8,8,합격,조흥
20260421-R73-001,R73,2026-04-21,2027-04-06,4,4,합격,조흥
20260416-R73-001,R73,2026-04-16,2027-04-06,16,16,합격,조흥
20260414-R73-001,R73,2026-04-14,2027-04-06,8,8,합격,조흥
20260403-R73-001,R73,2026-04-03,2026-12-15,12,12,합격,조흥
20260327-R73-001,R73,2026-03-27,2026-12-15,4,4,합격,조흥
20260317-R73-001,R73,2026-03-17,2026-12-15,4,4,합격,조흥
20260313-R73-001,R73,2026-03-13,2026-12-15,4,4,합격,조흥
20260312-R73-001,R73,2026-03-12,2026-12-25,20,20,합격,조흥
20260305-R73-001,R73,2026-03-05,2026-12-15,8,2.9600000000000004,합격,조흥
20260227-R73-001,R73,2026-02-27,2026-12-15,20,0,합격,조흥
20260220-R73-001,R73,2026-02-20,2026-12-15,4,0,합격,조흥
20260210-R73-001,R73,2026-02-10,2026-12-15,8,0,합격,조흥
20260210-R73-002,R73,2026-02-10,2026-12-15,39,0,합격,조흥
20260204-R73-001,R73,2026-02-04,2026-12-15,8,0,합격,조흥
20260514-R76-001,R76,2026-05-14,2027-02-11,1260,1260,합격,프레롱
20260513-R76-001,R76,2026-05-13,2027-04-30,2000,2000,합격,사조동아원
20260513-R76-002,R76,2026-05-13,2027-02-11,2520,2520,합격,프레롱
20260423-R76-001,R76,2026-04-23,2026-12-15,2520,2520,합격,프레롱
20260413-R76-001,R76,2026-04-13,2026-11-26,1260,1260,합격,프레롱
20260410-R76-001,R76,2026-04-10,2026-11-26,2520,2520,합격,프레롱
20260330-R76-001,R76,2026-03-30,2026-11-26,2520,2520,합격,프레롱
20260312-R76-001,R76,2026-03-12,2026-11-26,3780,3767.639,합격,프레롱
20260423-R77-001,R77,2026-04-23,2026-12-15,1260,1260,합격,프레롱
20260413-R77-001,R77,2026-04-13,2026-12-15,1260,1150.2249999999985,합격,프레롱
20260330-R77-001,R77,2026-03-30,2026-12-15,1260,0,합격,프레롱
20260330-R77-002,R77,2026-03-30,2026-12-15,1260,0,합격,프레롱
20260312-R77-001,R77,2026-03-12,2026-10-09,1260,0,합격,프레롱
20260320-RM1000-001,RM1000,2026-03-20,2026-04-11,1,1,합격,플러스오케이
20260324-RM1001-001,RM1001,2026-03-24,2027-03-17,50,20,합격,사조동아원
20260323-RM1002-001,RM1002,2026-03-23,2027-02-01,10,10,합격,플러스오케이
20260525-RM1003-001,RM1003,2026-05-25,2027-05-07,5,5,합격,에쓰푸드
20260514-RM1003-001,RM1003,2026-05-14,2027-04-21,25,25,합격,에쓰푸드
20260504-RM1003-001,RM1003,2026-05-04,2027-03-16,25,25,합격,에쓰푸드
20260326-RM1003-001,RM1003,2026-03-26,2027-02-04,1,1,합격,에쓰푸드
20260525-RM1004-001,RM1004,2026-05-25,2026-09-11,12,12,합격,에쓰푸드
20260514-RM1004-001,RM1004,2026-05-14,2026-09-11,6,6,합격,에쓰푸드
20260512-RM1004-001,RM1004,2026-05-12,2026-08-21,4,4,합격,에쓰푸드
20260504-RM1004-001,RM1004,2026-05-04,2026-08-21,6,6,합격,에쓰푸드
20260326-RM1004-001,RM1004,2026-03-26,2026-05-04,2,2,합격,에쓰푸드
20260525-RM1005-001,RM1005,2026-05-25,2026-11-17,10,10,합격,에쓰푸드
20260514-RM1005-001,RM1005,2026-05-14,2026-11-04,3,3,합격,에쓰푸드
20260511-RM1005-001,RM1005,2026-05-11,2026-11-04,2,2,합격,에쓰푸드
20260326-RM1005-001,RM1005,2026-03-26,2026-07-13,1,1,합격,에쓰푸드
20260519-RM1006-001-S,RM1006,2026-05-19,2027-05-05,2,2,합격,에쓰푸드
20260326-RM1006-001,RM1006,2026-03-26,2027-02-25,1,1,합격,에쓰푸드
20260519-RM1007-001-S,RM1007,2026-05-19,2027-04-09,1,1,합격,에쓰푸드
20260326-RM1007-001,RM1007,2026-03-26,2027-01-04,0.5,0.5,합격,에쓰푸드
20260525-RM1008-001,RM1008,2026-05-25,2027-04-30,10,10,합격,에쓰푸드
20260514-RM1008-001,RM1008,2026-05-14,2027-04-22,10,10,합격,에쓰푸드
20260511-RM1008-001,RM1008,2026-05-11,2027-04-16,5,5,합격,에쓰푸드
20260504-RM1008-001,RM1008,2026-05-04,2027-04-16,10,10,합격,에쓰푸드
20260416-RM1008-001,RM1008,2026-04-16,2027-03-25,1,1,합격,에쓰푸드
20260326-RM1008-001,RM1008,2026-03-26,2027-03-02,1,1,합격,에쓰푸드
20260525-RM1009-001,RM1009,2026-05-25,2027-01-19,10,10,합격,에쓰푸드
20260514-RM1009-001,RM1009,2026-05-14,2027-01-16,6,6,합격,에쓰푸드
20260511-RM1009-001,RM1009,2026-05-11,2027-01-16,4,4,합격,에쓰푸드
20260504-RM1009-001,RM1009,2026-05-04,2027-01-13,6,6,합격,에쓰푸드
20260326-RM1009-001,RM1009,2026-03-26,2026-12-08,2,2,합격,에쓰푸드
20260526-RM1010-001,RM1010,2026-05-26,2027-05-05,2.5,2.5,합격,에쓰푸드
20260514-RM1010-001,RM1010,2026-05-14,2027-04-28,9,9,합격,에쓰푸드
20260511-RM1010-001,RM1010,2026-05-11,2027-04-23,4.5,4.5,합격,에쓰푸드
20260504-RM1010-001,RM1010,2026-05-04,2027-04-15,9,9,합격,에쓰푸드
20260416-RM1010-001,RM1010,2026-04-16,2027-03-25,1,1,합격,에쓰푸드
20260326-RM1010-001,RM1010,2026-03-26,2027-03-10,1,1,합격,에쓰푸드
20260525-RM1011-001,RM1011,2026-05-25,2026-11-24,10,10,합격,에쓰푸드
20260514-RM1011-001,RM1011,2026-05-14,2026-11-24,4,4,합격,에쓰푸드
20260511-RM1011-001,RM1011,2026-05-11,2026-11-24,2,2,합격,에쓰푸드
20260504-RM1011-001,RM1011,2026-05-04,2026-11-24,4,4,합격,에쓰푸드
20260326-RM1011-001,RM1011,2026-03-26,2026-11-01,2,2,합격,에쓰푸드
20260525-RM1012-001,RM1012,2026-05-25,2027-04-19,10,10,합격,에쓰푸드
20260514-RM1012-001,RM1012,2026-05-14,2027-04-06,10,10,합격,에쓰푸드
20260511-RM1012-001,RM1012,2026-05-11,2027-04-01,5,5,합격,에쓰푸드
20260504-RM1012-001,RM1012,2026-05-04,2027-03-23,10,10,합격,에쓰푸드
20260416-RM1012-001,RM1012,2026-04-16,2027-03-10,1,1,합격,에쓰푸드
20260326-RM1012-001,RM1012,2026-03-26,2027-02-19,1,1,합격,에쓰푸드
20260514-RM1013-001,RM1013,2026-05-14,2027-05-06,5,5,합격,에쓰푸드
20260511-RM1013-001,RM1013,2026-05-11,2027-04-20,2.5,2.5,합격,에쓰푸드
20260504-RM1013-001,RM1013,2026-05-04,2027-04-20,5,5,합격,에쓰푸드
20260326-RM1013-001,RM1013,2026-03-26,2026-12-09,0.5,0.5,합격,에쓰푸드
20260527-RM1014-001,RM1014,2026-05-27,,52500,52500,합격,유비포커스
20260429-RM1014-001,RM1014,2026-04-29,,52500,52500,합격,유비포커스
20260410-RM1014-001,RM1014,2026-04-10,,24900,22351,합격,유비포커스
20260326-RM1014-001,RM1014,2026-03-26,2027-03-26,25200,25200,합격,유비포커스
20260429-RM1015-001,RM1015,2026-04-29,,23100,23100,합격,유비포커스
20260410-RM1015-001,RM1015,2026-04-10,,22800,18441,합격,유비포커스
20260326-RM1015-001,RM1015,2026-03-26,2027-03-26,23200,23200,합격,유비포커스
20260410-RM1016-001,RM1016,2026-04-10,,21200,18797,합격,유비포커스
20260326-RM1016-001,RM1016,2026-03-26,2027-03-26,19800,19800,합격,유비포커스
20260428-RM1018-001,RM1018,2026-04-28,2026-07-14,16,16,합격,조흥
20260421-RM1018-001,RM1018,2026-04-21,2026-07-07,16,16,합격,조흥
20260327-RM1018-001,RM1018,2026-03-27,2026-06-24,8,8,합격,조흥
20260403-RM1019-001,RM1019,2026-04-03,2027-02-12,0.6,0.6,합격,에쓰푸드
20260403-RM1020-001,RM1020,2026-04-03,2027-03-12,0.5,0.5,합격,에쓰푸드
20260511-RM1021-001,RM1021,2026-05-11,2027-11-30,10,10,합격,플러스오케이
20260504-RM1021-001,RM1021,2026-05-04,2027-11-30,12,12,합격,플러스오케이
20260428-RM1021-001,RM1021,2026-04-28,2027-11-30,4,4,합격,플러스오케이
20260413-RM1021-001,RM1021,2026-04-13,2027-11-30,4,4,합격,플러스오케이
20260511-RM1022-001,RM1022,2026-05-11,2028-04-09,10,10,합격,플러스오케이
20260504-RM1022-001,RM1022,2026-05-04,2028-04-09,10,10,합격,플러스오케이
20260428-RM1022-001,RM1022,2026-04-28,2028-04-09,4,4,합격,플러스오케이
20260414-RM1022-001,RM1022,2026-04-14,2028-04-09,4,4,합격,플러스오케이
20260511-RM1023-001,RM1023,2026-05-11,2029-01-19,8,8,합격,플러스오케이
20260504-RM1023-001,RM1023,2026-05-04,2029-01-19,11,11,합격,플러스오케이
20260430-RM1023-001,RM1023,2026-04-30,2029-01-19,2,1,합격,플러스오케이
20260414-RM1023-001,RM1023,2026-04-14,2029-01-20,5,5,합격,플러스오케이
20260423-RM1025-001,RM1025,2026-04-23,2031-01-04,100,100,합격,엔바이오텍
20260422-RM1025-001,RM1025,2026-04-22,2031-01-04,20,20,합격,엔바이오텍
20260511-RM1026-001,RM1026,2026-05-11,2026-06-12,5,5,합격,플러스오케이
20260504-RM1026-001,RM1026,2026-05-04,2026-06-01,4,4,합격,플러스오케이
20260504-RM1026-002,RM1026,2026-05-04,2026-06-01,4,4,합격,플러스오케이
20260428-RM1026-001,RM1026,2026-04-28,2026-05-26,4,4,합격,플러스오케이
20260511-RM1027-001,RM1027,2026-05-11,2026-06-19,5,5,합격,플러스오케이
20260504-RM1027-001,RM1027,2026-05-04,2026-06-06,4,4,합격,플러스오케이
20260428-RM1027-001,RM1027,2026-04-28,2026-05-29,4,4,합격,플러스오케이
20260504-RM1028-001,RM1028,2026-05-04,2026-06-05,10,10,합격,플러스오케이
20260428-RM1028-001,RM1028,2026-04-28,2026-05-30,10,10,합격,플러스오케이
20260511-RM1029-001,RM1029,2026-05-11,2026-08-08,9.08,9.08,합격,플러스오케이
20260506-RM1029-001,RM1029,2026-05-06,2026-08-08,9.08,9.08,합격,플러스오케이
20260507-RM1030-001,RM1030,2026-05-07,2027-04-07,1,1,합격,플러스오케이
20260519-RM1031-001,RM1031,2026-05-19,2027-02-12,5,5,합격,플러스오케이
20260511-RM1031-001,RM1031,2026-05-11,2027-02-12,5,5,합격,플러스오케이
20260508-RM1033-001,RM1033,2026-05-08,2027-10-23,20,20,합격,플러스오케이
20260508-RM1034-001,RM1034,2026-05-08,2027-11-04,0.45,0.45,합격,플러스오케이
20260529-RM1035-001,RM1035,2026-05-29,2027-01-22,25,25,합격,유니크
20260414-RM1035-001,RM1035,2026-04-14,2026-05-13,10,10,합격,제원인터내쇼날
20260402-RM1035-001,RM1035,2026-04-02,2028-07-01,2,2,합격,웰푸드
20260416-RM140-001,RM140,2026-04-16,2028-01-26,2,2,합격,열매마을
20260527-RM147-001,RM147,2026-05-27,2028-04-10,100,100,합격,열매마을
20260526-RM147-001,RM147,2026-05-26,2026-09-18,10,10,합격,웰푸드
20260519-RM147-001,RM147,2026-05-19,2028-01-10,80,80,합격,열매마을
20260519-RM147-002,RM147,2026-05-19,2026-09-18,10,10,합격,웰푸드
20260512-RM147-001,RM147,2026-05-12,2026-09-18,10,10,합격,웰푸드
20260506-RM147-001,RM147,2026-05-06,2028-01-10,200,200,합격,열매마을
20260505-RM147-001,RM147,2026-05-05,2026-09-18,20,20,합격,웰푸드
20260428-RM147-001,RM147,2026-04-28,2026-09-18,10,10,합격,웰푸드
20260427-RM147-001,RM147,2026-04-27,2028-01-10,50,50,합격,열매마을
20260421-RM147-001,RM147,2026-04-21,2026-09-18,10,10,합격,웰푸드
20260414-RM147-001,RM147,2026-04-14,2026-09-18,20,20,합격,웰푸드
20260407-RM147-001,RM147,2026-04-07,2027-12-24,50,50,합격,열매마을
20260407-RM147-002,RM147,2026-04-07,2026-09-18,10,10,합격,웰푸드
20260401-RM147-001,RM147,2026-04-01,2027-12-24,100,100,합격,열매마을
20260331-RM147-001,RM147,2026-03-31,2026-09-18,10,10,합격,웰푸드
20260324-RM147-001,RM147,2026-03-24,2026-09-18,10,10,합격,웰푸드
20260323-RM147-001,RM147,2026-03-23,2028-01-10,100,100,합격,열매마을
20260317-RM147-001,RM147,2026-03-17,2026-09-18,10,10,합격,웰푸드
20260312-RM147-001,RM147,2026-03-12,2028-01-10,140,132.32999999999998,합격,열매마을
20260310-RM147-001,RM147,2026-03-10,2026-09-18,10,0,합격,웰푸드
20260303-RM147-001,RM147,2026-03-03,2026-09-18,10,0,합격,웰푸드
20260224-RM147-001,RM147,2026-02-24,2026-09-18,10,0,합격,웰푸드
20260515-RM152-001,RM152,2026-05-15,2027-07-28,3.6,3.6,합격,푸드리움
20260515-RM152-002,RM152,2026-05-15,2027-05-26,3.6,3.6,합격,푸드리움
20260421-RM152-001,RM152,2026-04-21,2027-09-19,8,8,합격,푸드리움
20260410-RM152-001,RM152,2026-04-10,2027-05-26,3.6,3.6,합격,푸드리움
20260318-RM152-001,RM152,2026-03-18,2027-05-26,3.6,3.6,합격,푸드리움
20260227-RM152-001,RM152,2026-02-27,2027-05-26,7.2,7.2,합격,푸드리움
20260130-RM152-001,RM152,2026-01-30,2027-09-19,14.4,14.4,합격,푸드리움
20260313-RM160-001,RM160,2026-03-13,2026-12-22,20,20,합격,(주)주피터인터내셔널
20260314-RM161-001,RM161,2026-03-14,2026-10-22,50,48.931,합격,제원인터내쇼날
20260519-RM162-001,RM162,2026-05-19,2026-10-18,18.16,18.16,합격,플러스오케이
20260504-RM162-001,RM162,2026-05-04,2026-10-18,9.08,9.08,합격,플러스오케이
20260428-RM162-001,RM162,2026-04-28,2026-10-18,9.08,9.08,합격,플러스오케이
20260413-RM162-001,RM162,2026-04-13,2026-10-18,27.24,27.24,합격,플러스오케이
20260331-RM162-001,RM162,2026-03-31,2026-08-12,9.08,9.08,합격,플러스오케이
20260313-RM162-001,RM162,2026-03-13,2026-10-08,27.24,27.24,합격,플러스오케이(주)
20260527-RM211-001,RM211,2026-05-27,2027-03-11,10000,10000,합격,STEINMETZ
20260523-RM211-001,RM211,2026-05-23,2027-03-03,22000,22000,합격,STEINMETZ
20260501-RM211-001,RM211,2026-05-01,2026-10-30,10000,10000,합격,웰푸드
20260416-RM211-001,RM211,2026-04-16,,2000,2000,합격,재고조정
20260525-RM998-001,RM998,2026-05-25,2026-06-02,1.8,1.8,합격,에쓰푸드
20260514-RM998-001,RM998,2026-05-14,2026-06-02,9,9,합격,에쓰푸드
20260511-RM998-001,RM998,2026-05-11,2026-05-17,4.5,4.5,합격,에쓰푸드
20260504-RM998-001,RM998,2026-05-04,2026-05-17,9,9,합격,에쓰푸드
20260416-RM998-001,RM998,2026-04-16,2026-05-05,0.9,0.9,합격,에쓰푸드
20260326-RM998-001,RM998,2026-03-26,2026-04-05,0.9,0.9,합격,에쓰푸드
20260320-RM998-001,RM998,2026-03-20,2026-03-29,0.6,0.6,합격,에쓰푸드
20260506-RM999-001,RM999,2026-05-06,2027-06-05,50,50,합격,플러스오케이
20260428-RM999-001,RM999,2026-04-28,2027-06-05,100,10,합격,플러스오케이
20260417-RM999-001,RM999,2026-04-17,2027-05-20,60,0,합격,플러스오케이
20260413-RM999-001,RM999,2026-04-13,2027-05-20,10,0,합격,플러스오케이
20260320-RM999-001,RM999,2026-03-20,2027-05-20,1,0,합격,플러스오케이
20260409-RT1021-001,RT1021,2026-04-09,,100,100,합격,테스트업체
20260409-RT1021-002,RT1021,2026-04-09,,50,50,합격,위생자재테스트
20260409-RT1021-003,RT1021,2026-04-09,,25,25,합격,위생자재테스트2
20260409-RT1021-004,RT1021,2026-04-09,,10,10,합격,위생자재최종테스트
20260326-SM001-001,SM001,2026-03-26,,10,10,합격,테스트거래처
20260326-SM001-002,SM001,2026-03-26,,100,100,합격,포장재상사
20260320-SM001-001,SM001,2026-03-20,,100,100,합격,포장재공급사
20260320-SM002-001,SM002,2026-03-20,,1000,1000,합격,포장재업체
20260408-SM003-001,SM003,2026-04-08,,20,20,합격,AJ네트웍스
20260316-SM003-001,SM003,2026-03-16,,20,20,합격,AJ네트웍스
20260529-SM004-001,SM004,2026-05-29,,60,60,합격,올스케일
20260518-SM004-001,SM004,2026-05-18,,60,60,합격,올스케일
20260506-SM004-001,SM004,2026-05-06,,60,60,합격,올스케일
20260402-SM004-001,SM004,2026-04-02,,60,60,합격,올스케일
20260326-SM004-001,SM004,2026-03-26,,120,120,합격,올스케일
20260318-SM004-001,SM004,2026-03-18,,60,60,합격,올스케일
20260529-SM005-001,SM005,2026-05-29,,20,20,합격,올스케일
20260518-SM005-001,SM005,2026-05-18,,20,20,합격,올스케일
20260506-SM005-001,SM005,2026-05-06,,40,40,합격,올스케일
20260402-SM005-001,SM005,2026-04-02,,20,20,합격,올스케일
20260326-SM005-001,SM005,2026-03-26,,40,40,합격,올스케일
20260318-SM005-001,SM005,2026-03-18,,20,20,합격,올스케일
20260527-SM006-001,SM006,2026-05-27,,720,720,합격,디에스글로벌
20260512-SM006-001,SM006,2026-05-12,,1440,1440,합격,디에스글로벌
20260504-SM006-001,SM006,2026-05-04,,720,720,합격,디에스글로벌
20260428-SM006-001,SM006,2026-04-28,,720,720,합격,디에스글로벌
20260423-SM006-001,SM006,2026-04-23,,700,700,합격,디에스글로벌
20260407-SM006-001,SM006,2026-04-07,,720,720,합격,디에스글로벌
20260331-SM006-001,SM006,2026-03-31,,720,720,합격,디에스글로벌
20260325-SM006-001,SM006,2026-03-25,,706,706,합격,디에스글로벌
20260318-SM006-001,SM006,2026-03-18,,706,324,합격,디에스글로벌
20260514-SM007-001,SM007,2026-05-14,,1316,1316,합격,디에스글로벌
20260508-SM007-001,SM007,2026-05-08,,720,720,합격,디에스글로벌
20260504-SM007-001,SM007,2026-05-04,,720,720,합격,디에스글로벌
20260428-SM007-001,SM007,2026-04-28,,720,720,합격,디에스글로벌
20260421-SM007-001,SM007,2026-04-21,,720,720,합격,디에스글로벌
20260407-SM007-001,SM007,2026-04-07,,720,720,합격,디에스글로벌
20260331-SM007-001,SM007,2026-03-31,,720,720,합격,디에스글로벌
20260325-SM007-001,SM007,2026-03-25,,720,720,합격,디에스글로벌
20260318-SM007-001,SM007,2026-03-18,,720,720,합격,디에스글로벌
20260527-SM008-001,SM008,2026-05-27,,720,720,합격,디에스글로벌
20260526-SM008-001,SM008,2026-05-26,,1440,1440,합격,디에스글로벌
20260522-SM008-001,SM008,2026-05-22,,720,720,합격,디에스글로벌
20260514-SM008-001,SM008,2026-05-14,,1440,1440,합격,디에스글로벌
20260508-SM008-001,SM008,2026-05-08,,720,720,합격,디에스글로벌
20260504-SM008-001,SM008,2026-05-04,,720,720,합격,디에스글로벌
20260430-SM008-001,SM008,2026-04-30,,720,720,합격,디에스글로벌
20260424-SM008-001,SM008,2026-04-24,,720,720,합격,디에스글로벌
20260421-SM008-001,SM008,2026-04-21,,720,720,합격,디에스글로벌
20260407-SM008-001,SM008,2026-04-07,,720,720,합격,디에스글로벌
20260331-SM008-001,SM008,2026-03-31,,720,720,합격,디에스글로벌
20260325-SM008-001,SM008,2026-03-25,,720,720,합격,디에스글로벌
20260318-SM008-001,SM008,2026-03-18,,720,720,합격,디에스글로벌
20260522-SM009-001,SM009,2026-05-22,,172,172,합격,디에스글로벌
20260519-SM009-001,SM009,2026-05-19,,405,405,합격,디에스글로벌
20260506-SM009-001,SM009,2026-05-06,,416,416,합격,디에스글로벌
20260423-SM009-001,SM009,2026-04-23,,420,420,합격,디에스글로벌
20260421-SM009-001,SM009,2026-04-21,,423,423,합격,디에스글로벌
20260414-SM009-001,SM009,2026-04-14,,420,420,합격,디에스글로벌
20260409-SM009-001,SM009,2026-04-09,,420,420,합격,디에스글로벌
20260408-SM009-001,SM009,2026-04-08,,24,24,합격,디에스글로벌
20260407-SM009-001,SM009,2026-04-07,,98,98,합격,디에스글로벌
20260401-SM009-001,SM009,2026-04-01,,384,384,합격,디에스글로벌
20260326-SM009-001,SM009,2026-03-26,,420,420,합격,디에스글로벌
20260318-SM009-001,SM009,2026-03-18,,420,420,합격,디에스글로벌
20260522-SM010-001,SM010,2026-05-22,,30000,30000,합격,범에어캡
20260318-SM010-001,SM010,2026-03-18,,30000,30000,합격,범에어캡
20260528-SM011-001,SM011,2026-05-28,,2,2,합격,다인소재
20260507-SM011-001,SM011,2026-05-07,,10,10,합격,다인소재
20260422-SM011-001,SM011,2026-04-22,,1,1,합격,다인소재
20260327-SM011-001,SM011,2026-03-27,,4,4,합격,다인소재
20260326-SM011-001,SM011,2026-03-26,,1,1,합격,다인소재
20260528-SM012-001,SM012,2026-05-28,,3,3,합격,다인소재
20260522-SM012-001,SM012,2026-05-22,,5,5,합격,다인소재
20260507-SM012-001,SM012,2026-05-07,,40,40,합격,다인소재
20260422-SM012-001,SM012,2026-04-22,,5,5,합격,다인소재
20260327-SM012-001,SM012,2026-03-27,,3,3,합격,다인소재
20260326-SM012-001,SM012,2026-03-26,,4,4,합격,다인소재
20260508-SM013-001,SM013,2026-05-08,,419,419,합격,디에스글로벌
20260414-SM013-001,SM013,2026-04-14,,420,420,합격,디에스글로벌
20260326-SM013-001,SM013,2026-03-26,,420,420,합격,디에스글로벌
20260527-SM014-001,SM014,2026-05-27,,720,720,합격,디에스글로벌
20260519-SM014-001,SM014,2026-05-19,,1440,1440,합격,디에스글로벌
20260512-SM014-001,SM014,2026-05-12,,720,720,합격,디에스글로벌
20260504-SM014-001,SM014,2026-05-04,,720,720,합격,디에스글로벌
20260428-SM014-001,SM014,2026-04-28,,720,720,합격,디에스글로벌
20260423-SM014-001,SM014,2026-04-23,,720,720,합격,디에스글로벌
20260414-SM014-001,SM014,2026-04-14,,720,720,합격,디에스글로벌
20260407-SM014-001,SM014,2026-04-07,,720,720,합격,디에스글로벌
20260326-SM014-001,SM014,2026-03-26,,717,717,합격,디에스글로벌
20260527-SM015-001,SM015,2026-05-27,,25800,25800,합격,유비포커스
20260429-SM015-001,SM015,2026-04-29,,25500,25500,합격,유비포커스
20260326-SM015-001,SM015,2026-03-26,,25200,23998,합격,유비포커스
20260527-SM016-001,SM016,2026-05-27,,24000,24000,합격,유비포커스
20260429-SM016-001,SM016,2026-04-29,,24000,24000,합격,유비포커스
20260326-SM016-001,SM016,2026-03-26,,24000,18473,합격,유비포커스
20260326-SM017-001,SM017,2026-03-26,,28800,28800,합격,유비포커스
20260529-SM018-001,SM018,2026-05-29,,19300,19300,합격,유비포커스
20260429-SM018-001,SM018,2026-04-29,,18950,18950,합격,유비포커스
20260413-SM018-001,SM018,2026-04-13,,19500,19500,합격,유비포커스
20260326-SM018-001,SM018,2026-03-26,,19500,19500,합격,유비포커스
20260402-SM020-001,SM020,2026-04-02,,120,120,합격,올스케일
20260402-SM021-001,SM021,2026-04-02,,30,30,합격,올스케일
20260407-SM022-001,SM022,2026-04-07,,10,10,합격,한양비니루
20260408-SM023-001,SM023,2026-04-08,,21200,21200,합격,유비포커스
20260527-SM024-001,SM024,2026-05-27,,26100,26100,합격,유비포커스
20260408-SM024-001,SM024,2026-04-08,,32700,32700,합격,유비포커스
20260408-SM025-001,SM025,2026-04-08,,33900,33900,합격,유비포커스
20260408-SM026-001,SM026,2026-04-08,,24000,24000,합격,유비포커스
20260410-SM027-001,SM027,2026-04-10,,2000,2000,합격,제이비팩
20260410-SM028-001,SM028,2026-04-10,,2000,2000,합격,제이비팩
20260410-SM029-001,SM029,2026-04-10,,2000,2000,합격,제이비팩
20260410-SM030-001,SM030,2026-04-10,,9250,9250,합격,유비포커스
20260410-SM031-001,SM031,2026-04-10,,1200,1200,합격,대아프린팅
20260417-SM032-001,SM032,2026-04-17,,74650,74650,합격,유비포커스
20260417-SM033-001,SM033,2026-04-17,,19300,19300,합격,유비포커스
20260417-SM034-001,SM034,2026-04-17,,42000,42000,합격,삼성겔
20260417-SM035-001,SM035,2026-04-17,,40000,40000,합격,삼성겔
20260416-SM036-001,SM036,2026-04-16,,3000,3000,합격,협진정공
20260429-SM037-001,SM037,2026-04-29,,25900,25900,합격,유비포커스
20260508-SM038-001,SM038,2026-05-08,,104000,104000,합격,유비포커스
20260515-SM039-001,SM039,2026-05-15,,10,10,합격,다인소재
20260512-SM039-001,SM039,2026-05-12,,10,10,합격,다인소재
20260515-SM040-001,SM040,2026-05-15,,300,300,합격,식공구
20260515-SM041-001,SM041,2026-05-15,,100,100,합격,식공구
20260529-SM042-001,SM042,2026-05-29,,25000,25000,합격,유비포커스
